"","Year","Country","Month","ISO3","Temperature","Rain"
"1","1901","Albania","Jan","ALB","-1.6164","97.6007"
"2","1901","Albania","Feb","ALB","0.6579","136.941"
"3","1901","Albania","Mar","ALB","7.43772","113.636"
"4","1901","Albania","Apr","ALB","10.2572","29.9409"
"5","1901","Albania","May","ALB","13.8797","101.971"
"6","1901","Albania","Jun","ALB","18.0844","143.239"
"7","1901","Albania","Jul","ALB","21.3348","32.7637"
"8","1901","Albania","Aug","ALB","20.1677","44.4383"
"9","1901","Albania","Sep","ALB","17.2626","72.4248"
"10","1901","Albania","Oct","ALB","12.964","160.129"
"11","1901","Albania","Nov","ALB","5.88308","140.36"
"12","1901","Albania","Dec","ALB","6.05855","170.693"
"13","1902","Albania","Jan","ALB","3.4935","78.388"
"14","1902","Albania","Feb","ALB","5.58643","199.122"
"15","1902","Albania","Mar","ALB","5.53845","125.268"
"16","1902","Albania","Apr","ALB","10.2166","71.26"
"17","1902","Albania","May","ALB","11.8057","121.504"
"18","1902","Albania","Jun","ALB","17.1082","37.2621"
"19","1902","Albania","Jul","ALB","20.7326","12.6201"
"20","1902","Albania","Aug","ALB","21.4475","22.9976"
"21","1902","Albania","Sep","ALB","17.949","110.993"
"22","1902","Albania","Oct","ALB","13.0528","134.173"
"23","1902","Albania","Nov","ALB","4.89528","97.8366"
"24","1902","Albania","Dec","ALB","0.57684","113.11"
"25","1903","Albania","Jan","ALB","1.70204","47.8805"
"26","1903","Albania","Feb","ALB","3.99236","43.3386"
"27","1903","Albania","Mar","ALB","7.23624","88.7146"
"28","1903","Albania","Apr","ALB","8.15097","160.662"
"29","1903","Albania","May","ALB","14.4473","70.5468"
"30","1903","Albania","Jun","ALB","16.6359","69.6605"
"31","1903","Albania","Jul","ALB","20.0837","30.1105"
"32","1903","Albania","Aug","ALB","20.7411","17.637"
"33","1903","Albania","Sep","ALB","17.7335","18.1398"
"34","1903","Albania","Oct","ALB","12.9111","92.9206"
"35","1903","Albania","Nov","ALB","7.73409","115.11"
"36","1903","Albania","Dec","ALB","5.40044","184.649"
"37","1904","Albania","Jan","ALB","1.2616","96.5815"
"38","1904","Albania","Feb","ALB","5.69667","117.954"
"39","1904","Albania","Mar","ALB","6.13241","81.1257"
"40","1904","Albania","Apr","ALB","10.5462","66.5059"
"41","1904","Albania","May","ALB","14.8542","69.4857"
"42","1904","Albania","Jun","ALB","18.6598","92.0214"
"43","1904","Albania","Jul","ALB","22.1153","18.0792"
"44","1904","Albania","Aug","ALB","21.147","17.8529"
"45","1904","Albania","Sep","ALB","16.0191","78.966"
"46","1904","Albania","Oct","ALB","12.5727","185.655"
"47","1904","Albania","Nov","ALB","4.88616","66.6189"
"48","1904","Albania","Dec","ALB","3.07109","93.3548"
"49","1905","Albania","Jan","ALB","-2.084","99.4014"
"50","1905","Albania","Feb","ALB","0.68806","77.2283"
"51","1905","Albania","Mar","ALB","6.17476","87.6895"
"52","1905","Albania","Apr","ALB","9.34613","59.3152"
"53","1905","Albania","May","ALB","14.7339","66.4143"
"54","1905","Albania","Jun","ALB","17.8604","60.0929"
"55","1905","Albania","Jul","ALB","22.1566","23.0975"
"56","1905","Albania","Aug","ALB","22.3303","69.183"
"57","1905","Albania","Sep","ALB","19.2524","54.7379"
"58","1905","Albania","Oct","ALB","9.71967","207.94"
"59","1905","Albania","Nov","ALB","9.86259","109.074"
"60","1905","Albania","Dec","ALB","3.83788","39.2179"
"61","1906","Albania","Jan","ALB","1.31406","121.081"
"62","1906","Albania","Feb","ALB","2.57848","117.411"
"63","1906","Albania","Mar","ALB","6.65136","72.497"
"64","1906","Albania","Apr","ALB","10.2552","32.7336"
"65","1906","Albania","May","ALB","13.9596","105.876"
"66","1906","Albania","Jun","ALB","17.3156","173.229"
"67","1906","Albania","Jul","ALB","21.1249","21.8056"
"68","1906","Albania","Aug","ALB","20.2782","26.4375"
"69","1906","Albania","Sep","ALB","16.052","63.2431"
"70","1906","Albania","Oct","ALB","11.9931","108.452"
"71","1906","Albania","Nov","ALB","9.02735","77.6476"
"72","1906","Albania","Dec","ALB","2.29005","210.178"
"73","1907","Albania","Jan","ALB","-0.2893","149.234"
"74","1907","Albania","Feb","ALB","0.22578","134.167"
"75","1907","Albania","Mar","ALB","2.15295","50.099"
"76","1907","Albania","Apr","ALB","7.95868","127.893"
"77","1907","Albania","May","ALB","16.6241","45.872"
"78","1907","Albania","Jun","ALB","18.2735","70.5145"
"79","1907","Albania","Jul","ALB","20.3185","15.2791"
"80","1907","Albania","Aug","ALB","21.1696","22.8855"
"81","1907","Albania","Sep","ALB","17.2522","20.0173"
"82","1907","Albania","Oct","ALB","15.7944","115.169"
"83","1907","Albania","Nov","ALB","6.99882","98.9542"
"84","1907","Albania","Dec","ALB","5.18078","138.74"
"85","1908","Albania","Jan","ALB","0.45856","79.5191"
"86","1908","Albania","Feb","ALB","2.53285","97.36"
"87","1908","Albania","Mar","ALB","5.3219","67.9099"
"88","1908","Albania","Apr","ALB","8.81816","110.698"
"89","1908","Albania","May","ALB","17.3803","27.4808"
"90","1908","Albania","Jun","ALB","19.5112","15.6639"
"91","1908","Albania","Jul","ALB","20.6957","32.1767"
"92","1908","Albania","Aug","ALB","20.53","14.6521"
"93","1908","Albania","Sep","ALB","16.1617","31.1557"
"94","1908","Albania","Oct","ALB","11.3962","70.1557"
"95","1908","Albania","Nov","ALB","3.72691","112.471"
"96","1908","Albania","Dec","ALB","1.86757","163.582"
"97","1909","Albania","Jan","ALB","-0.5009","106.527"
"98","1909","Albania","Feb","ALB","-1.1358","88.3272"
"99","1909","Albania","Mar","ALB","6.399","104.755"
"100","1909","Albania","Apr","ALB","10.5815","34.1852"
"101","1909","Albania","May","ALB","14.3655","152.983"
"102","1909","Albania","Jun","ALB","17.7641","30.8771"
"103","1909","Albania","Jul","ALB","20.3316","70.5033"
"104","1909","Albania","Aug","ALB","21.1973","65.5608"
"105","1909","Albania","Sep","ALB","17.8198","118.737"
"106","1909","Albania","Oct","ALB","13.2665","68.8984"
"107","1909","Albania","Nov","ALB","6.33625","211.246"
"108","1909","Albania","Dec","ALB","6.49966","135.183"
"109","1910","Albania","Jan","ALB","3.14308","102.75"
"110","1910","Albania","Feb","ALB","5.27763","100.517"
"111","1910","Albania","Mar","ALB","5.66017","75.5099"
"112","1910","Albania","Apr","ALB","9.81237","123.412"
"113","1910","Albania","May","ALB","13.8142","90.2006"
"114","1910","Albania","Jun","ALB","17.9431","46.4897"
"115","1910","Albania","Jul","ALB","19.6863","46.8835"
"116","1910","Albania","Aug","ALB","20.6052","21.3641"
"117","1910","Albania","Sep","ALB","15.8796","120.69"
"118","1910","Albania","Oct","ALB","12.5159","80.6001"
"119","1910","Albania","Nov","ALB","7.09205","136.975"
"120","1910","Albania","Dec","ALB","6.32667","137.954"
"121","1911","Albania","Jan","ALB","1.41278","72.7979"
"122","1911","Albania","Feb","ALB","0.30714","48.3977"
"123","1911","Albania","Mar","ALB","5.89854","55.9114"
"124","1911","Albania","Apr","ALB","9.19928","99.223"
"125","1911","Albania","May","ALB","14.1088","122.795"
"126","1911","Albania","Jun","ALB","17.992","41.0189"
"127","1911","Albania","Jul","ALB","21.263","42.8471"
"128","1911","Albania","Aug","ALB","21.7889","51.9137"
"129","1911","Albania","Sep","ALB","17.6977","105.787"
"130","1911","Albania","Oct","ALB","13.047","79.0498"
"131","1911","Albania","Nov","ALB","9.55899","67.8214"
"132","1911","Albania","Dec","ALB","4.81237","103.768"
"133","1912","Albania","Jan","ALB","0.57843","100.273"
"134","1912","Albania","Feb","ALB","5.64641","46.4009"
"135","1912","Albania","Mar","ALB","8.28154","76.2711"
"136","1912","Albania","Apr","ALB","8.15293","106.216"
"137","1912","Albania","May","ALB","13.8543","77.6648"
"138","1912","Albania","Jun","ALB","18.6026","43.1082"
"139","1912","Albania","Jul","ALB","20.897","45.7557"
"140","1912","Albania","Aug","ALB","19.686","26.2011"
"141","1912","Albania","Sep","ALB","14.3127","115.961"
"142","1912","Albania","Oct","ALB","11.0913","77.265"
"143","1912","Albania","Nov","ALB","5.66092","180.598"
"144","1912","Albania","Dec","ALB","4.24249","79.3346"
"145","1913","Albania","Jan","ALB","1.81177","134.637"
"146","1913","Albania","Feb","ALB","1.52225","53.2659"
"147","1913","Albania","Mar","ALB","7.77596","36.1487"
"148","1913","Albania","Apr","ALB","10.1648","66.0153"
"149","1913","Albania","May","ALB","13.7112","109.736"
"150","1913","Albania","Jun","ALB","17.8137","88.1368"
"151","1913","Albania","Jul","ALB","18.5699","93.1112"
"152","1913","Albania","Aug","ALB","19.1922","80.7415"
"153","1913","Albania","Sep","ALB","17.9761","62.1773"
"154","1913","Albania","Oct","ALB","13.109","34.4656"
"155","1913","Albania","Nov","ALB","8.43806","61.9796"
"156","1913","Albania","Dec","ALB","3.56112","126.425"
"157","1914","Albania","Jan","ALB","-1.1056","132.738"
"158","1914","Albania","Feb","ALB","1.76866","40.4574"
"159","1914","Albania","Mar","ALB","7.15003","112.537"
"160","1914","Albania","Apr","ALB","10.9748","34.5511"
"161","1914","Albania","May","ALB","14.1176","89.2022"
"162","1914","Albania","Jun","ALB","16.9743","79.3352"
"163","1914","Albania","Jul","ALB","20.1407","54.4085"
"164","1914","Albania","Aug","ALB","20.5834","65.2877"
"165","1914","Albania","Sep","ALB","16.0362","52.5512"
"166","1914","Albania","Oct","ALB","11.0385","97.5156"
"167","1914","Albania","Nov","ALB","6.06758","166.745"
"168","1914","Albania","Dec","ALB","4.96412","161.195"
"169","1915","Albania","Jan","ALB","3.95013","229.065"
"170","1915","Albania","Feb","ALB","3.62229","128.947"
"171","1915","Albania","Mar","ALB","5.63733","102.561"
"172","1915","Albania","Apr","ALB","9.59598","69.3097"
"173","1915","Albania","May","ALB","14.9194","90.3392"
"174","1915","Albania","Jun","ALB","19.1312","174.721"
"175","1915","Albania","Jul","ALB","20.8328","126.3"
"176","1915","Albania","Aug","ALB","19.8655","55.7536"
"177","1915","Albania","Sep","ALB","15.2817","97.5591"
"178","1915","Albania","Oct","ALB","11.7222","225.516"
"179","1915","Albania","Nov","ALB","6.44146","116.244"
"180","1915","Albania","Dec","ALB","6.73843","111.651"
"181","1916","Albania","Jan","ALB","3.2903","33.9619"
"182","1916","Albania","Feb","ALB","3.24454","84.8951"
"183","1916","Albania","Mar","ALB","8.61425","117.6"
"184","1916","Albania","Apr","ALB","10.1131","70.6147"
"185","1916","Albania","May","ALB","14.9321","63.396"
"186","1916","Albania","Jun","ALB","19.3539","22.4753"
"187","1916","Albania","Jul","ALB","21.4911","35.5044"
"188","1916","Albania","Aug","ALB","19.937","78.5193"
"189","1916","Albania","Sep","ALB","15.8616","113.173"
"190","1916","Albania","Oct","ALB","12.3905","131.705"
"191","1916","Albania","Nov","ALB","8.83229","135.789"
"192","1916","Albania","Dec","ALB","6.48115","192.839"
"193","1917","Albania","Jan","ALB","3.00212","170.52"
"194","1917","Albania","Feb","ALB","-0.0508","47.6363"
"195","1917","Albania","Mar","ALB","5.40814","91.2621"
"196","1917","Albania","Apr","ALB","9.12171","54.013"
"197","1917","Albania","May","ALB","14.5478","57.3689"
"198","1917","Albania","Jun","ALB","19.2238","13.6481"
"199","1917","Albania","Jul","ALB","21.1477","18.2333"
"200","1917","Albania","Aug","ALB","22.4574","16.3054"
"201","1917","Albania","Sep","ALB","18.593","19.0916"
"202","1917","Albania","Oct","ALB","13.1713","108.617"
"203","1917","Albania","Nov","ALB","7.46911","159.838"
"204","1917","Albania","Dec","ALB","1.29455","143.515"
"205","1918","Albania","Jan","ALB","2.52679","67.7713"
"206","1918","Albania","Feb","ALB","1.04955","42.3412"
"207","1918","Albania","Mar","ALB","5.1926","65.8093"
"208","1918","Albania","Apr","ALB","10.2569","84.2205"
"209","1918","Albania","May","ALB","14.6844","65.7484"
"210","1918","Albania","Jun","ALB","17.1623","57.3533"
"211","1918","Albania","Jul","ALB","20.7022","60.977"
"212","1918","Albania","Aug","ALB","20.684","38.6348"
"213","1918","Albania","Sep","ALB","18.9963","26.9097"
"214","1918","Albania","Oct","ALB","12.8299","199.885"
"215","1918","Albania","Nov","ALB","6.77507","137.875"
"216","1918","Albania","Dec","ALB","3.61964","97.1171"
"217","1919","Albania","Jan","ALB","3.91655","136.434"
"218","1919","Albania","Feb","ALB","3.1855","113.242"
"219","1919","Albania","Mar","ALB","7.0883","106.924"
"220","1919","Albania","Apr","ALB","9.96725","149.528"
"221","1919","Albania","May","ALB","11.6521","147.126"
"222","1919","Albania","Jun","ALB","17.6964","29.4962"
"223","1919","Albania","Jul","ALB","19.6734","57.0256"
"224","1919","Albania","Aug","ALB","20.4692","15.0918"
"225","1919","Albania","Sep","ALB","18.2222","74.8179"
"226","1919","Albania","Oct","ALB","11.7443","172.031"
"227","1919","Albania","Nov","ALB","7.36393","138.102"
"228","1919","Albania","Dec","ALB","3.1775","93.8546"
"229","1920","Albania","Jan","ALB","3.83929","103.309"
"230","1920","Albania","Feb","ALB","2.39115","42.0715"
"231","1920","Albania","Mar","ALB","7.18391","75.831"
"232","1920","Albania","Apr","ALB","12.0734","145.085"
"233","1920","Albania","May","ALB","16.2625","41.4648"
"234","1920","Albania","Jun","ALB","17.7554","74.1204"
"235","1920","Albania","Jul","ALB","21.7498","33.4638"
"236","1920","Albania","Aug","ALB","20.7424","41.0633"
"237","1920","Albania","Sep","ALB","17.5693","23.594"
"238","1920","Albania","Oct","ALB","10.3426","140.474"
"239","1920","Albania","Nov","ALB","4.24082","61.7418"
"240","1920","Albania","Dec","ALB","3.99342","89.3066"
"241","1921","Albania","Jan","ALB","4.66108","54.7403"
"242","1921","Albania","Feb","ALB","2.32084","69.2324"
"243","1921","Albania","Mar","ALB","6.51598","46.8494"
"244","1921","Albania","Apr","ALB","9.3573","82.3395"
"245","1921","Albania","May","ALB","15.8528","54.3242"
"246","1921","Albania","Jun","ALB","16.6928","114.087"
"247","1921","Albania","Jul","ALB","21.7497","12.0399"
"248","1921","Albania","Aug","ALB","21.9879","26.6661"
"249","1921","Albania","Sep","ALB","16.7561","22.7129"
"250","1921","Albania","Oct","ALB","12.3323","40.2598"
"251","1921","Albania","Nov","ALB","5.68328","146.555"
"252","1921","Albania","Dec","ALB","2.49256","108.799"
"253","1922","Albania","Jan","ALB","1.01716","144.226"
"254","1922","Albania","Feb","ALB","1.11301","84.8016"
"255","1922","Albania","Mar","ALB","8.34193","89.071"
"256","1922","Albania","Apr","ALB","10.2239","102.356"
"257","1922","Albania","May","ALB","15.0843","67.9163"
"258","1922","Albania","Jun","ALB","19.0846","26.3191"
"259","1922","Albania","Jul","ALB","21.5486","9.30547"
"260","1922","Albania","Aug","ALB","22.1294","10.1655"
"261","1922","Albania","Sep","ALB","17.0653","75.5298"
"262","1922","Albania","Oct","ALB","11.9499","159.491"
"263","1922","Albania","Nov","ALB","4.80588","115.218"
"264","1922","Albania","Dec","ALB","2.44576","82.9996"
"265","1923","Albania","Jan","ALB","2.17316","120.001"
"266","1923","Albania","Feb","ALB","3.41698","155.579"
"267","1923","Albania","Mar","ALB","6.55622","94.2956"
"268","1923","Albania","Apr","ALB","9.7926","93.0792"
"269","1923","Albania","May","ALB","16.2762","44.0751"
"270","1923","Albania","Jun","ALB","16.4099","77.3835"
"271","1923","Albania","Jul","ALB","21.3748","20.6293"
"272","1923","Albania","Aug","ALB","21.641","52.7394"
"273","1923","Albania","Sep","ALB","18.3571","47.6395"
"274","1923","Albania","Oct","ALB","14.515","68.343"
"275","1923","Albania","Nov","ALB","10.7153","236.424"
"276","1923","Albania","Dec","ALB","4.06208","200.476"
"277","1924","Albania","Jan","ALB","-0.9965","92.5957"
"278","1924","Albania","Feb","ALB","1.9615","140.033"
"279","1924","Albania","Mar","ALB","5.33685","79.885"
"280","1924","Albania","Apr","ALB","10.6532","83.4089"
"281","1924","Albania","May","ALB","16.6572","45.3248"
"282","1924","Albania","Jun","ALB","19.1031","57.6337"
"283","1924","Albania","Jul","ALB","21.169","40.7084"
"284","1924","Albania","Aug","ALB","19.9776","77.2303"
"285","1924","Albania","Sep","ALB","19.2838","53.1181"
"286","1924","Albania","Oct","ALB","12.4405","140.071"
"287","1924","Albania","Nov","ALB","5.83379","105.164"
"288","1924","Albania","Dec","ALB","2.97643","65.58"
"289","1925","Albania","Jan","ALB","2.02654","27.2478"
"290","1925","Albania","Feb","ALB","6.07831","65.299"
"291","1925","Albania","Mar","ALB","5.57386","90.0649"
"292","1925","Albania","Apr","ALB","10.4055","76.0869"
"293","1925","Albania","May","ALB","14.7011","115.069"
"294","1925","Albania","Jun","ALB","17.1422","54.7225"
"295","1925","Albania","Jul","ALB","20.7051","40.9172"
"296","1925","Albania","Aug","ALB","20.8633","17.4528"
"297","1925","Albania","Sep","ALB","17.0324","78.1006"
"298","1925","Albania","Oct","ALB","12.6477","76.8575"
"299","1925","Albania","Nov","ALB","8.93649","209.061"
"300","1925","Albania","Dec","ALB","2.22316","120.037"
"301","1926","Albania","Jan","ALB","2.95639","93.9949"
"302","1926","Albania","Feb","ALB","6.06184","29.8592"
"303","1926","Albania","Mar","ALB","5.86147","53.6488"
"304","1926","Albania","Apr","ALB","11.4827","64.3542"
"305","1926","Albania","May","ALB","13.9758","81.2861"
"306","1926","Albania","Jun","ALB","17.2384","135.322"
"307","1926","Albania","Jul","ALB","19.4813","70.055"
"308","1926","Albania","Aug","ALB","19.0155","25.9831"
"309","1926","Albania","Sep","ALB","18.3072","31.8117"
"310","1926","Albania","Oct","ALB","14.1383","68.2498"
"311","1926","Albania","Nov","ALB","12.5833","88.5305"
"312","1926","Albania","Dec","ALB","3.79827","207.562"
"313","1927","Albania","Jan","ALB","3.60376","199.441"
"314","1927","Albania","Feb","ALB","1.61049","64.9226"
"315","1927","Albania","Mar","ALB","8.52897","104.356"
"316","1927","Albania","Apr","ALB","10.6871","54.0636"
"317","1927","Albania","May","ALB","14.9616","59.8691"
"318","1927","Albania","Jun","ALB","20.3151","18.8387"
"319","1927","Albania","Jul","ALB","22.503","23.8143"
"320","1927","Albania","Aug","ALB","22.3864","36.5589"
"321","1927","Albania","Sep","ALB","19.0604","75.927"
"322","1927","Albania","Oct","ALB","12.6114","148.273"
"323","1927","Albania","Nov","ALB","9.50097","86.5376"
"324","1927","Albania","Dec","ALB","2.38985","222.904"
"325","1928","Albania","Jan","ALB","2.42238","58.429"
"326","1928","Albania","Feb","ALB","2.1565","42.9867"
"327","1928","Albania","Mar","ALB","4.62519","153.48"
"328","1928","Albania","Apr","ALB","11.2537","111.48"
"329","1928","Albania","May","ALB","12.8122","75.5604"
"330","1928","Albania","Jun","ALB","18.4442","15.7033"
"331","1928","Albania","Jul","ALB","23.5323","4.63885"
"332","1928","Albania","Aug","ALB","22.9053","10.1405"
"333","1928","Albania","Sep","ALB","18.8294","105.061"
"334","1928","Albania","Oct","ALB","12.6555","137.417"
"335","1928","Albania","Nov","ALB","9.3118","212.855"
"336","1928","Albania","Dec","ALB","2.37204","131.707"
"337","1929","Albania","Jan","ALB","-0.5482","135.839"
"338","1929","Albania","Feb","ALB","-1.4946","79.5541"
"339","1929","Albania","Mar","ALB","3.27739","47.5062"
"340","1929","Albania","Apr","ALB","7.96835","117.515"
"341","1929","Albania","May","ALB","16.1805","41.3972"
"342","1929","Albania","Jun","ALB","18.5105","80.512"
"343","1929","Albania","Jul","ALB","21.2819","4.28906"
"344","1929","Albania","Aug","ALB","22.3305","77.4527"
"345","1929","Albania","Sep","ALB","16.6593","63.7423"
"346","1929","Albania","Oct","ALB","13.1695","93.7153"
"347","1929","Albania","Nov","ALB","9.32973","152.851"
"348","1929","Albania","Dec","ALB","4.54544","95.9952"
"349","1930","Albania","Jan","ALB","3.10576","95.0498"
"350","1930","Albania","Feb","ALB","2.82465","114.203"
"351","1930","Albania","Mar","ALB","7.80503","61.3369"
"352","1930","Albania","Apr","ALB","10.8973","111.424"
"353","1930","Albania","May","ALB","13.7853","95.6167"
"354","1930","Albania","Jun","ALB","18.9415","93.1926"
"355","1930","Albania","Jul","ALB","21.3985","44.1799"
"356","1930","Albania","Aug","ALB","20.8351","55.4368"
"357","1930","Albania","Sep","ALB","18.5386","46.8519"
"358","1930","Albania","Oct","ALB","12.5083","117.341"
"359","1930","Albania","Nov","ALB","9.01611","56.4276"
"360","1930","Albania","Dec","ALB","4.26604","172.079"
"361","1931","Albania","Jan","ALB","3.43784","146.031"
"362","1931","Albania","Feb","ALB","3.36702","145.275"
"363","1931","Albania","Mar","ALB","5.20406","85.1405"
"364","1931","Albania","Apr","ALB","8.3637","151.278"
"365","1931","Albania","May","ALB","15.5461","67.891"
"366","1931","Albania","Jun","ALB","19.7892","22.5709"
"367","1931","Albania","Jul","ALB","22.505","18.036"
"368","1931","Albania","Aug","ALB","21.7078","8.73219"
"369","1931","Albania","Sep","ALB","15.4492","84.4091"
"370","1931","Albania","Oct","ALB","11.9691","104.723"
"371","1931","Albania","Nov","ALB","6.80867","149.667"
"372","1931","Albania","Dec","ALB","1.64475","119.704"
"373","1932","Albania","Jan","ALB","0.75249","27.8473"
"374","1932","Albania","Feb","ALB","-1.4914","69.7205"
"375","1932","Albania","Mar","ALB","3.29104","143.594"
"376","1932","Albania","Apr","ALB","9.63297","114.213"
"377","1932","Albania","May","ALB","14.7451","46.4552"
"378","1932","Albania","Jun","ALB","17.5377","32.1621"
"379","1932","Albania","Jul","ALB","21.9853","27.7702"
"380","1932","Albania","Aug","ALB","21.8216","14.34"
"381","1932","Albania","Sep","ALB","20.154","44.1679"
"382","1932","Albania","Oct","ALB","14.4646","87.3437"
"383","1932","Albania","Nov","ALB","7.40113","124.381"
"384","1932","Albania","Dec","ALB","4.50918","102.794"
"385","1933","Albania","Jan","ALB","0.51586","115.204"
"386","1933","Albania","Feb","ALB","3.06161","119.284"
"387","1933","Albania","Mar","ALB","5.28445","44.198"
"388","1933","Albania","Apr","ALB","8.19171","64.8612"
"389","1933","Albania","May","ALB","12.7007","90.2342"
"390","1933","Albania","Jun","ALB","15.578","74.9143"
"391","1933","Albania","Jul","ALB","19.9947","18.7002"
"392","1933","Albania","Aug","ALB","20.4978","29.3251"
"393","1933","Albania","Sep","ALB","15.7726","40.5228"
"394","1933","Albania","Oct","ALB","12.8238","136.619"
"395","1933","Albania","Nov","ALB","9.21188","190.358"
"396","1933","Albania","Dec","ALB","0.81732","205.414"
"397","1934","Albania","Jan","ALB","1.59364","107.29"
"398","1934","Albania","Feb","ALB","1.74096","54.4438"
"399","1934","Albania","Mar","ALB","8.29885","76.7197"
"400","1934","Albania","Apr","ALB","12.3409","52.8454"
"401","1934","Albania","May","ALB","16.1495","64.8094"
"402","1934","Albania","Jun","ALB","18.113","78.7694"
"403","1934","Albania","Jul","ALB","21.146","37.1895"
"404","1934","Albania","Aug","ALB","21.2027","42.1861"
"405","1934","Albania","Sep","ALB","17.9324","61.9336"
"406","1934","Albania","Oct","ALB","12.7507","146.865"
"407","1934","Albania","Nov","ALB","9.36669","157.959"
"408","1934","Albania","Dec","ALB","5.77855","129.13"
"409","1935","Albania","Jan","ALB","0.34334","206.643"
"410","1935","Albania","Feb","ALB","2.68912","99.9954"
"411","1935","Albania","Mar","ALB","4.63173","76.4189"
"412","1935","Albania","Apr","ALB","9.96661","31.5445"
"413","1935","Albania","May","ALB","13.9604","36.1438"
"414","1935","Albania","Jun","ALB","19.6917","30.9473"
"415","1935","Albania","Jul","ALB","20.8994","10.7298"
"416","1935","Albania","Aug","ALB","20.966","22.1234"
"417","1935","Albania","Sep","ALB","17.5342","41.5397"
"418","1935","Albania","Oct","ALB","14.8241","123.799"
"419","1935","Albania","Nov","ALB","7.48257","126.51"
"420","1935","Albania","Dec","ALB","5.04187","240.859"
"421","1936","Albania","Jan","ALB","6.48191","95.9379"
"422","1936","Albania","Feb","ALB","4.15523","121.894"
"423","1936","Albania","Mar","ALB","8.21892","97.5899"
"424","1936","Albania","Apr","ALB","10.9546","108.872"
"425","1936","Albania","May","ALB","14.319","137.867"
"426","1936","Albania","Jun","ALB","17.2252","117.909"
"427","1936","Albania","Jul","ALB","22.0414","32.6011"
"428","1936","Albania","Aug","ALB","20.5009","23.2995"
"429","1936","Albania","Sep","ALB","16.6471","69.7338"
"430","1936","Albania","Oct","ALB","10.9902","137.342"
"431","1936","Albania","Nov","ALB","7.40225","99.7481"
"432","1936","Albania","Dec","ALB","2.69377","83.8226"
"433","1937","Albania","Jan","ALB","0.76905","98.1817"
"434","1937","Albania","Feb","ALB","4.51765","106.309"
"435","1937","Albania","Mar","ALB","8.52615","86.4654"
"436","1937","Albania","Apr","ALB","9.65319","152.307"
"437","1937","Albania","May","ALB","15.5567","73.1344"
"438","1937","Albania","Jun","ALB","19.4051","88.9186"
"439","1937","Albania","Jul","ALB","21.5069","30.9682"
"440","1937","Albania","Aug","ALB","20.8395","76.2092"
"441","1937","Albania","Sep","ALB","18.3807","81.28"
"442","1937","Albania","Oct","ALB","12.7942","133.788"
"443","1937","Albania","Nov","ALB","8.13129","253.854"
"444","1937","Albania","Dec","ALB","4.31315","233.758"
"445","1938","Albania","Jan","ALB","1.63276","77.4842"
"446","1938","Albania","Feb","ALB","2.41001","83.152"
"447","1938","Albania","Mar","ALB","6.73625","20.0382"
"448","1938","Albania","Apr","ALB","7.89549","117.062"
"449","1938","Albania","May","ALB","13.6621","76.29"
"450","1938","Albania","Jun","ALB","19.6574","10.3653"
"451","1938","Albania","Jul","ALB","22.2939","17.4307"
"452","1938","Albania","Aug","ALB","21.4806","63.8567"
"453","1938","Albania","Sep","ALB","16.8074","52.1209"
"454","1938","Albania","Oct","ALB","13.4447","124.743"
"455","1938","Albania","Nov","ALB","8.42954","104.693"
"456","1938","Albania","Dec","ALB","3.38394","198.206"
"457","1939","Albania","Jan","ALB","4.70371","151.189"
"458","1939","Albania","Feb","ALB","4.03547","48.8657"
"459","1939","Albania","Mar","ALB","4.12163","164.858"
"460","1939","Albania","Apr","ALB","11.4185","61.9408"
"461","1939","Albania","May","ALB","13.6526","105.2"
"462","1939","Albania","Jun","ALB","17.4165","78.7445"
"463","1939","Albania","Jul","ALB","22.0506","11.0487"
"464","1939","Albania","Aug","ALB","21.1068","42.9383"
"465","1939","Albania","Sep","ALB","17.1564","144.621"
"466","1939","Albania","Oct","ALB","13.2523","145.638"
"467","1939","Albania","Nov","ALB","7.68495","115.52"
"468","1939","Albania","Dec","ALB","3.29497","202.734"
"469","1940","Albania","Jan","ALB","-1.9307","131.012"
"470","1940","Albania","Feb","ALB","1.29054","83.5077"
"471","1940","Albania","Mar","ALB","4.47798","57.9341"
"472","1940","Albania","Apr","ALB","9.46316","137.377"
"473","1940","Albania","May","ALB","12.9913","161.218"
"474","1940","Albania","Jun","ALB","17.0445","98.4697"
"475","1940","Albania","Jul","ALB","20.6263","40.3175"
"476","1940","Albania","Aug","ALB","18.7397","34.692"
"477","1940","Albania","Sep","ALB","17.0582","32.2527"
"478","1940","Albania","Oct","ALB","13.1666","158.58"
"479","1940","Albania","Nov","ALB","9.51444","131.231"
"480","1940","Albania","Dec","ALB","-0.0207","189.414"
"481","1941","Albania","Jan","ALB","2.47174","154.44"
"482","1941","Albania","Feb","ALB","5.35315","137.67"
"483","1941","Albania","Mar","ALB","6.65203","36.8416"
"484","1941","Albania","Apr","ALB","10.3115","95.8912"
"485","1941","Albania","May","ALB","13.3647","61.86"
"486","1941","Albania","Jun","ALB","17.9028","33.9869"
"487","1941","Albania","Jul","ALB","20.871","29.8841"
"488","1941","Albania","Aug","ALB","20.7094","23.7622"
"489","1941","Albania","Sep","ALB","14.5805","60.207"
"490","1941","Albania","Oct","ALB","11.1852","169.619"
"491","1941","Albania","Nov","ALB","5.09492","130.939"
"492","1941","Albania","Dec","ALB","1.88817","88.1564"
"493","1942","Albania","Jan","ALB","-3.1547","233.252"
"494","1942","Albania","Feb","ALB","1.01609","150.833"
"495","1942","Albania","Mar","ALB","4.49763","56.4127"
"496","1942","Albania","Apr","ALB","9.38094","54.0362"
"497","1942","Albania","May","ALB","15.5985","64.3309"
"498","1942","Albania","Jun","ALB","19.2164","62.5086"
"499","1942","Albania","Jul","ALB","21.1406","33.9161"
"500","1942","Albania","Aug","ALB","21.2223","28.0285"
"501","1942","Albania","Sep","ALB","19.8408","28.0224"
"502","1942","Albania","Oct","ALB","13.4854","75.2752"
"503","1942","Albania","Nov","ALB","6.57844","139.472"
"504","1942","Albania","Dec","ALB","4.12843","94.9634"
"505","1943","Albania","Jan","ALB","-0.3781","175.484"
"506","1943","Albania","Feb","ALB","3.86407","43.882"
"507","1943","Albania","Mar","ALB","5.38617","32.4672"
"508","1943","Albania","Apr","ALB","10.5355","60.9446"
"509","1943","Albania","May","ALB","13.7057","79.1929"
"510","1943","Albania","Jun","ALB","17.3778","66.9741"
"511","1943","Albania","Jul","ALB","21.2254","22.7371"
"512","1943","Albania","Aug","ALB","22.7761","5.856"
"513","1943","Albania","Sep","ALB","19.4599","62.3008"
"514","1943","Albania","Oct","ALB","14.0662","68.0375"
"515","1943","Albania","Nov","ALB","8.6306","203.417"
"516","1943","Albania","Dec","ALB","4.62089","143.361"
"517","1944","Albania","Jan","ALB","2.05175","72.5866"
"518","1944","Albania","Feb","ALB","1.97589","196.602"
"519","1944","Albania","Mar","ALB","4.06558","152.793"
"520","1944","Albania","Apr","ALB","10.4619","102.866"
"521","1944","Albania","May","ALB","13.826","35.2075"
"522","1944","Albania","Jun","ALB","18.8144","62.3726"
"523","1944","Albania","Jul","ALB","20.6974","49.798"
"524","1944","Albania","Aug","ALB","21.3698","40.9245"
"525","1944","Albania","Sep","ALB","17.7696","75.2476"
"526","1944","Albania","Oct","ALB","13.4865","169.438"
"527","1944","Albania","Nov","ALB","7.70893","111.62"
"528","1944","Albania","Dec","ALB","2.83799","113.808"
"529","1945","Albania","Jan","ALB","-0.2623","195.367"
"530","1945","Albania","Feb","ALB","2.52297","11.4173"
"531","1945","Albania","Mar","ALB","5.92658","30.45"
"532","1945","Albania","Apr","ALB","10.3827","61.1301"
"533","1945","Albania","May","ALB","17.56","24.5875"
"534","1945","Albania","Jun","ALB","19.8737","32.3955"
"535","1945","Albania","Jul","ALB","22.4583","9.34165"
"536","1945","Albania","Aug","ALB","22.1259","35.8039"
"537","1945","Albania","Sep","ALB","17.8652","117.893"
"538","1945","Albania","Oct","ALB","11.4859","64.6743"
"539","1945","Albania","Nov","ALB","7.06325","119.397"
"540","1945","Albania","Dec","ALB","3.4563","162.524"
"541","1946","Albania","Jan","ALB","0.51994","112.118"
"542","1946","Albania","Feb","ALB","3.11675","56.1789"
"543","1946","Albania","Mar","ALB","6.29066","55.1256"
"544","1946","Albania","Apr","ALB","11.3652","29.4407"
"545","1946","Albania","May","ALB","15.814","66.5196"
"546","1946","Albania","Jun","ALB","19.881","14.9831"
"547","1946","Albania","Jul","ALB","22.9479","11.9209"
"548","1946","Albania","Aug","ALB","23.4906","12.6765"
"549","1946","Albania","Sep","ALB","20.2556","18.4533"
"550","1946","Albania","Oct","ALB","10.7132","138.164"
"551","1946","Albania","Nov","ALB","8.89971","148.335"
"552","1946","Albania","Dec","ALB","2.08074","180.843"
"553","1947","Albania","Jan","ALB","-2.2958","115.043"
"554","1947","Albania","Feb","ALB","3.31766","102.266"
"555","1947","Albania","Mar","ALB","9.24005","35.3696"
"556","1947","Albania","Apr","ALB","12.4158","31.2413"
"557","1947","Albania","May","ALB","15.7653","45.3687"
"558","1947","Albania","Jun","ALB","19.5581","85.6398"
"559","1947","Albania","Jul","ALB","22.2783","16.3954"
"560","1947","Albania","Aug","ALB","21.4999","45.7554"
"561","1947","Albania","Sep","ALB","18.897","57.9004"
"562","1947","Albania","Oct","ALB","11.5652","95.9729"
"563","1947","Albania","Nov","ALB","8.71481","81.3315"
"564","1947","Albania","Dec","ALB","4.51612","186.042"
"565","1948","Albania","Jan","ALB","6.05871","133.495"
"566","1948","Albania","Feb","ALB","2.28817","66.6396"
"567","1948","Albania","Mar","ALB","5.98454","10.3673"
"568","1948","Albania","Apr","ALB","10.7432","90.3944"
"569","1948","Albania","May","ALB","15.3939","66.176"
"570","1948","Albania","Jun","ALB","17.0495","70.3211"
"571","1948","Albania","Jul","ALB","19.6802","27.3844"
"572","1948","Albania","Aug","ALB","21.6077","20.1666"
"573","1948","Albania","Sep","ALB","17.5917","52.384"
"574","1948","Albania","Oct","ALB","13.5197","77.1406"
"575","1948","Albania","Nov","ALB","6.66172","95.4196"
"576","1948","Albania","Dec","ALB","0.27936","29.4769"
"577","1949","Albania","Jan","ALB","3.12101","115.174"
"578","1949","Albania","Feb","ALB","2.45015","9.77382"
"579","1949","Albania","Mar","ALB","3.29406","138.411"
"580","1949","Albania","Apr","ALB","10.5402","28.3427"
"581","1949","Albania","May","ALB","15.4641","88.2118"
"582","1949","Albania","Jun","ALB","16.9772","55.5044"
"583","1949","Albania","Jul","ALB","20.2486","22.7549"
"584","1949","Albania","Aug","ALB","19.6679","88.4795"
"585","1949","Albania","Sep","ALB","17.4249","96.5671"
"586","1949","Albania","Oct","ALB","12.7514","89.8463"
"587","1949","Albania","Nov","ALB","9.21521","249.468"
"588","1949","Albania","Dec","ALB","4.93033","85.4982"
"589","1950","Albania","Jan","ALB","-0.1618","131.926"
"590","1950","Albania","Feb","ALB","3.94552","78.2059"
"591","1950","Albania","Mar","ALB","6.87467","74.302"
"592","1950","Albania","Apr","ALB","11.7388","80.1513"
"593","1950","Albania","May","ALB","16.0213","49.217"
"594","1950","Albania","Jun","ALB","19.9663","23.7516"
"595","1950","Albania","Jul","ALB","23.489","8.7309"
"596","1950","Albania","Aug","ALB","22.3111","19.5907"
"597","1950","Albania","Sep","ALB","18.8477","68.68"
"598","1950","Albania","Oct","ALB","12.0542","128.098"
"599","1950","Albania","Nov","ALB","7.98995","144.591"
"600","1950","Albania","Dec","ALB","6.05865","239.988"
"601","1951","Albania","Jan","ALB","3.96147","98.2283"
"602","1951","Albania","Feb","ALB","5.65229","118.028"
"603","1951","Albania","Mar","ALB","7.15611","97.3697"
"604","1951","Albania","Apr","ALB","10.5795","65.9911"
"605","1951","Albania","May","ALB","15.056","103.785"
"606","1951","Albania","Jun","ALB","19.2793","37.6205"
"607","1951","Albania","Jul","ALB","21.361","20.2739"
"608","1951","Albania","Aug","ALB","22.0328","34.5774"
"609","1951","Albania","Sep","ALB","18.7098","85.9548"
"610","1951","Albania","Oct","ALB","10.9001","199.793"
"611","1951","Albania","Nov","ALB","9.37031","101.286"
"612","1951","Albania","Dec","ALB","3.98335","114.608"
"613","1952","Albania","Jan","ALB","3.10095","159.597"
"614","1952","Albania","Feb","ALB","2.45135","92.0755"
"615","1952","Albania","Mar","ALB","5.25568","46.2032"
"616","1952","Albania","Apr","ALB","12.5835","24.7776"
"617","1952","Albania","May","ALB","14.1172","42.5891"
"618","1952","Albania","Jun","ALB","19.4516","11.2184"
"619","1952","Albania","Jul","ALB","22.6478","47.9659"
"620","1952","Albania","Aug","ALB","24.194","6.66169"
"621","1952","Albania","Sep","ALB","19.1992","51.0025"
"622","1952","Albania","Oct","ALB","12.1203","125.805"
"623","1952","Albania","Nov","ALB","7.73673","198.657"
"624","1952","Albania","Dec","ALB","5.53767","194.771"
"625","1953","Albania","Jan","ALB","2.42961","102.805"
"626","1953","Albania","Feb","ALB","2.81399","84.0637"
"627","1953","Albania","Mar","ALB","4.31094","34.1154"
"628","1953","Albania","Apr","ALB","10.8901","73.4778"
"629","1953","Albania","May","ALB","13.8107","116.695"
"630","1953","Albania","Jun","ALB","18.5583","76.975"
"631","1953","Albania","Jul","ALB","22.3634","28.8949"
"632","1953","Albania","Aug","ALB","20.7777","45.5118"
"633","1953","Albania","Sep","ALB","17.9182","63.9802"
"634","1953","Albania","Oct","ALB","12.554","77.8592"
"635","1953","Albania","Nov","ALB","5.62421","54.4117"
"636","1953","Albania","Dec","ALB","2.12635","106.03"
"637","1954","Albania","Jan","ALB","-0.9491","172.748"
"638","1954","Albania","Feb","ALB","-0.6338","178.77"
"639","1954","Albania","Mar","ALB","6.96765","115.87"
"640","1954","Albania","Apr","ALB","8.86799","76.8832"
"641","1954","Albania","May","ALB","13.1429","134.932"
"642","1954","Albania","Jun","ALB","20.0032","24.6196"
"643","1954","Albania","Jul","ALB","21.1945","5.47167"
"644","1954","Albania","Aug","ALB","21.03","18.6846"
"645","1954","Albania","Sep","ALB","18.8739","37.0531"
"646","1954","Albania","Oct","ALB","11.8795","124.211"
"647","1954","Albania","Nov","ALB","7.27135","161.56"
"648","1954","Albania","Dec","ALB","4.67495","103.623"
"649","1955","Albania","Jan","ALB","4.92674","138.551"
"650","1955","Albania","Feb","ALB","6.26615","109.005"
"651","1955","Albania","Mar","ALB","5.6992","89.6909"
"652","1955","Albania","Apr","ALB","7.86061","74.5002"
"653","1955","Albania","May","ALB","15.3718","14.8377"
"654","1955","Albania","Jun","ALB","18.5426","34.054"
"655","1955","Albania","Jul","ALB","20.589","48.0991"
"656","1955","Albania","Aug","ALB","19.2013","92.0726"
"657","1955","Albania","Sep","ALB","16.6086","154.181"
"658","1955","Albania","Oct","ALB","12.913","180.146"
"659","1955","Albania","Nov","ALB","7.22729","139.25"
"660","1955","Albania","Dec","ALB","5.23912","55.5153"
"661","1956","Albania","Jan","ALB","3.17023","131.326"
"662","1956","Albania","Feb","ALB","-0.8838","210.666"
"663","1956","Albania","Mar","ALB","2.78988","88.3013"
"664","1956","Albania","Apr","ALB","9.9827","80.0921"
"665","1956","Albania","May","ALB","14.2116","80.9516"
"666","1956","Albania","Jun","ALB","17.0885","99.2881"
"667","1956","Albania","Jul","ALB","21.3075","9.04068"
"668","1956","Albania","Aug","ALB","22.7294","16.6717"
"669","1956","Albania","Sep","ALB","18.5766","21.4304"
"670","1956","Albania","Oct","ALB","11.8066","98.8867"
"671","1956","Albania","Nov","ALB","6.89903","192.654"
"672","1956","Albania","Dec","ALB","2.36965","81.2381"
"673","1957","Albania","Jan","ALB","1.27822","113.017"
"674","1957","Albania","Feb","ALB","5.45312","71.3732"
"675","1957","Albania","Mar","ALB","6.55744","27.8953"
"676","1957","Albania","Apr","ALB","10.5368","38.7299"
"677","1957","Albania","May","ALB","12.8794","129.248"
"678","1957","Albania","Jun","ALB","19.9965","28.8537"
"679","1957","Albania","Jul","ALB","21.2983","54.8294"
"680","1957","Albania","Aug","ALB","21.0684","38.2565"
"681","1957","Albania","Sep","ALB","16.9616","73.6429"
"682","1957","Albania","Oct","ALB","12.8381","149.916"
"683","1957","Albania","Nov","ALB","8.32669","104.718"
"684","1957","Albania","Dec","ALB","3.14918","139.297"
"685","1958","Albania","Jan","ALB","2.37156","102.497"
"686","1958","Albania","Feb","ALB","5.38768","53.0705"
"687","1958","Albania","Mar","ALB","3.89702","142.776"
"688","1958","Albania","Apr","ALB","8.41068","125.713"
"689","1958","Albania","May","ALB","16.588","81.2057"
"690","1958","Albania","Jun","ALB","18.1431","48.4102"
"691","1958","Albania","Jul","ALB","21.6992","42.0141"
"692","1958","Albania","Aug","ALB","22.2548","12.8699"
"693","1958","Albania","Sep","ALB","16.6384","50.284"
"694","1958","Albania","Oct","ALB","12.0965","103.249"
"695","1958","Albania","Nov","ALB","8.64634","188.495"
"696","1958","Albania","Dec","ALB","6.10383","147.389"
"697","1959","Albania","Jan","ALB","1.64859","147.439"
"698","1959","Albania","Feb","ALB","1.21549","39.5499"
"699","1959","Albania","Mar","ALB","7.98086","68.4903"
"700","1959","Albania","Apr","ALB","10.2487","101.688"
"701","1959","Albania","May","ALB","14.2864","105.416"
"702","1959","Albania","Jun","ALB","16.9832","107.987"
"703","1959","Albania","Jul","ALB","20.7297","53.2324"
"704","1959","Albania","Aug","ALB","19.8248","72.5507"
"705","1959","Albania","Sep","ALB","15.4764","94.5863"
"706","1959","Albania","Oct","ALB","10.0641","92.4545"
"707","1959","Albania","Nov","ALB","7.63359","142.554"
"708","1959","Albania","Dec","ALB","6.33343","145.5"
"709","1960","Albania","Jan","ALB","2.57491","146.633"
"710","1960","Albania","Feb","ALB","4.04142","123.154"
"711","1960","Albania","Mar","ALB","6.44934","92.3281"
"712","1960","Albania","Apr","ALB","10.0594","114.965"
"713","1960","Albania","May","ALB","14.2792","79.8009"
"714","1960","Albania","Jun","ALB","18.3718","29.0997"
"715","1960","Albania","Jul","ALB","19.5988","27.1901"
"716","1960","Albania","Aug","ALB","21.3271","5.15966"
"717","1960","Albania","Sep","ALB","16.3515","114.251"
"718","1960","Albania","Oct","ALB","13.9045","112.559"
"719","1960","Albania","Nov","ALB","9.59362","157.21"
"720","1960","Albania","Dec","ALB","6.29811","189.472"
"721","1961","Albania","Jan","ALB","2.29233","94.0868"
"722","1961","Albania","Feb","ALB","2.94976","37.5065"
"723","1961","Albania","Mar","ALB","7.34154","49.7381"
"724","1961","Albania","Apr","ALB","12.2994","84.1398"
"725","1961","Albania","May","ALB","13.9195","96.8979"
"726","1961","Albania","Jun","ALB","18.4851","64.6569"
"727","1961","Albania","Jul","ALB","20.6635","42.6434"
"728","1961","Albania","Aug","ALB","21.1469","13.8875"
"729","1961","Albania","Sep","ALB","17.9973","9.13724"
"730","1961","Albania","Oct","ALB","13.155","81.845"
"731","1961","Albania","Nov","ALB","9.27492","178.262"
"732","1961","Albania","Dec","ALB","3.87229","107.837"
"733","1962","Albania","Jan","ALB","3.55382","60.089"
"734","1962","Albania","Feb","ALB","1.56371","79.5721"
"735","1962","Albania","Mar","ALB","4.83033","196.29"
"736","1962","Albania","Apr","ALB","10.3343","88.8697"
"737","1962","Albania","May","ALB","15.1891","41.0895"
"738","1962","Albania","Jun","ALB","17.569","44.2366"
"739","1962","Albania","Jul","ALB","21.0579","30.8085"
"740","1962","Albania","Aug","ALB","23.0684","15.2221"
"741","1962","Albania","Sep","ALB","18.2452","64.0893"
"742","1962","Albania","Oct","ALB","13.1745","148.48"
"743","1962","Albania","Nov","ALB","9.07405","284.958"
"744","1962","Albania","Dec","ALB","1.9882","151.086"
"745","1963","Albania","Jan","ALB","0.0949","184.627"
"746","1963","Albania","Feb","ALB","2.39956","196.644"
"747","1963","Albania","Mar","ALB","4.72852","93.0595"
"748","1963","Albania","Apr","ALB","10.5903","64.6766"
"749","1963","Albania","May","ALB","14.6829","114.12"
"750","1963","Albania","Jun","ALB","18.8438","77.8555"
"751","1963","Albania","Jul","ALB","22.0904","27.3073"
"752","1963","Albania","Aug","ALB","21.9671","67.039"
"753","1963","Albania","Sep","ALB","18.3696","57.5387"
"754","1963","Albania","Oct","ALB","12.2304","115.041"
"755","1963","Albania","Nov","ALB","10.0746","78.4339"
"756","1963","Albania","Dec","ALB","4.29725","150.025"
"757","1964","Albania","Jan","ALB","-0.45","18.5241"
"758","1964","Albania","Feb","ALB","2.6599","68.8859"
"759","1964","Albania","Mar","ALB","6.45988","123.537"
"760","1964","Albania","Apr","ALB","10.3626","57.3378"
"761","1964","Albania","May","ALB","14.093","119.114"
"762","1964","Albania","Jun","ALB","19.4196","76.9748"
"763","1964","Albania","Jul","ALB","20.4494","49.7526"
"764","1964","Albania","Aug","ALB","19.9595","27.9214"
"765","1964","Albania","Sep","ALB","16.5421","81.6216"
"766","1964","Albania","Oct","ALB","12.7854","115.291"
"767","1964","Albania","Nov","ALB","8.51816","143.912"
"768","1964","Albania","Dec","ALB","4.36891","158.156"
"769","1965","Albania","Jan","ALB","2.73338","92.9741"
"770","1965","Albania","Feb","ALB","-0.6684","114.498"
"771","1965","Albania","Mar","ALB","6.21375","47.3036"
"772","1965","Albania","Apr","ALB","8.82479","132.623"
"773","1965","Albania","May","ALB","13.7465","55.2059"
"774","1965","Albania","Jun","ALB","18.4471","37.4177"
"775","1965","Albania","Jul","ALB","21.6411","19.253"
"776","1965","Albania","Aug","ALB","19.4669","34.1205"
"777","1965","Albania","Sep","ALB","17.5663","29.0614"
"778","1965","Albania","Oct","ALB","11.8872","5.66966"
"779","1965","Albania","Nov","ALB","8.33954","160.624"
"780","1965","Albania","Dec","ALB","4.99587","152.666"
"781","1966","Albania","Jan","ALB","0.74722","196.358"
"782","1966","Albania","Feb","ALB","6.34755","63.4731"
"783","1966","Albania","Mar","ALB","5.59945","74.6333"
"784","1966","Albania","Apr","ALB","11.2455","46.9286"
"785","1966","Albania","May","ALB","14.2449","72.5429"
"786","1966","Albania","Jun","ALB","18.2688","37.9421"
"787","1966","Albania","Jul","ALB","20.7073","52.9702"
"788","1966","Albania","Aug","ALB","21.6203","34.1475"
"789","1966","Albania","Sep","ALB","17.7526","48.8015"
"790","1966","Albania","Oct","ALB","15.1771","140.938"
"791","1966","Albania","Nov","ALB","7.61938","205.154"
"792","1966","Albania","Dec","ALB","3.51134","171.57"
"793","1967","Albania","Jan","ALB","0.13383","121.552"
"794","1967","Albania","Feb","ALB","2.29085","22.7947"
"795","1967","Albania","Mar","ALB","6.57311","36.8058"
"796","1967","Albania","Apr","ALB","9.33511","107.985"
"797","1967","Albania","May","ALB","14.9306","65.3164"
"798","1967","Albania","Jun","ALB","16.854","72.1641"
"799","1967","Albania","Jul","ALB","21.1194","87.3263"
"800","1967","Albania","Aug","ALB","21.8384","15.3019"
"801","1967","Albania","Sep","ALB","17.629","100.742"
"802","1967","Albania","Oct","ALB","13.7897","45.7455"
"803","1967","Albania","Nov","ALB","8.44852","53.3589"
"804","1967","Albania","Dec","ALB","3.22397","173.281"
"805","1968","Albania","Jan","ALB","-0.1589","137.034"
"806","1968","Albania","Feb","ALB","4.30697","80.6269"
"807","1968","Albania","Mar","ALB","5.83294","66.0392"
"808","1968","Albania","Apr","ALB","12.369","22.7061"
"809","1968","Albania","May","ALB","16.9948","106.842"
"810","1968","Albania","Jun","ALB","18.0752","100.985"
"811","1968","Albania","Jul","ALB","20.855","9.69192"
"812","1968","Albania","Aug","ALB","18.662","97.3648"
"813","1968","Albania","Sep","ALB","16.652","57.0363"
"814","1968","Albania","Oct","ALB","11.9486","48.5719"
"815","1968","Albania","Nov","ALB","8.77199","131.026"
"816","1968","Albania","Dec","ALB","3.39455","203.321"
"817","1969","Albania","Jan","ALB","1.186","102.724"
"818","1969","Albania","Feb","ALB","3.47039","162.14"
"819","1969","Albania","Mar","ALB","5.65198","152.349"
"820","1969","Albania","Apr","ALB","9.40923","71.2262"
"821","1969","Albania","May","ALB","16.7465","59.9071"
"822","1969","Albania","Jun","ALB","17.0662","79.0931"
"823","1969","Albania","Jul","ALB","19.4342","26.8634"
"824","1969","Albania","Aug","ALB","20.3008","78.1772"
"825","1969","Albania","Sep","ALB","17.902","64.5458"
"826","1969","Albania","Oct","ALB","12.1848","6.3541"
"827","1969","Albania","Nov","ALB","9.2578","77.0428"
"828","1969","Albania","Dec","ALB","2.6175","283.882"
"829","1970","Albania","Jan","ALB","3.83883","146.538"
"830","1970","Albania","Feb","ALB","3.34901","115.606"
"831","1970","Albania","Mar","ALB","6.01804","94.5555"
"832","1970","Albania","Apr","ALB","10.2129","76.9817"
"833","1970","Albania","May","ALB","12.6452","88.0741"
"834","1970","Albania","Jun","ALB","18.4012","34.5801"
"835","1970","Albania","Jul","ALB","20.2241","82.533"
"836","1970","Albania","Aug","ALB","21.0322","60.1876"
"837","1970","Albania","Sep","ALB","17.5335","38.2495"
"838","1970","Albania","Oct","ALB","11.2294","130.752"
"839","1970","Albania","Nov","ALB","7.82911","76.2861"
"840","1970","Albania","Dec","ALB","4.00185","110.232"
"841","1971","Albania","Jan","ALB","4.24828","150.145"
"842","1971","Albania","Feb","ALB","3.03505","109.866"
"843","1971","Albania","Mar","ALB","3.64465","158.694"
"844","1971","Albania","Apr","ALB","10.5477","58.0647"
"845","1971","Albania","May","ALB","16.11","61.5459"
"846","1971","Albania","Jun","ALB","18.514","47.631"
"847","1971","Albania","Jul","ALB","20.1297","53.9541"
"848","1971","Albania","Aug","ALB","22.2121","11.3198"
"849","1971","Albania","Sep","ALB","15.2141","130.58"
"850","1971","Albania","Oct","ALB","10.5988","47.5015"
"851","1971","Albania","Nov","ALB","7.01094","97.1547"
"852","1971","Albania","Dec","ALB","3.66085","64.4068"
"853","1972","Albania","Jan","ALB","3.87271","127.027"
"854","1972","Albania","Feb","ALB","4.72157","107.516"
"855","1972","Albania","Mar","ALB","7.63715","58.202"
"856","1972","Albania","Apr","ALB","11.1604","112.072"
"857","1972","Albania","May","ALB","14.6467","51.7728"
"858","1972","Albania","Jun","ALB","19.4649","24.6251"
"859","1972","Albania","Jul","ALB","20.1234","121.407"
"860","1972","Albania","Aug","ALB","19.6785","110.239"
"861","1972","Albania","Sep","ALB","15.2845","112.703"
"862","1972","Albania","Oct","ALB","9.09758","178.12"
"863","1972","Albania","Nov","ALB","7.19565","49.9329"
"864","1972","Albania","Dec","ALB","2.79923","51.7307"
"865","1973","Albania","Jan","ALB","2.47969","104.125"
"866","1973","Albania","Feb","ALB","3.12402","135.59"
"867","1973","Albania","Mar","ALB","4.39772","109.924"
"868","1973","Albania","Apr","ALB","8.54314","97.3318"
"869","1973","Albania","May","ALB","15.1904","26.0269"
"870","1973","Albania","Jun","ALB","18.11","35.2071"
"871","1973","Albania","Jul","ALB","20.8253","54.9863"
"872","1973","Albania","Aug","ALB","20.2907","52.1301"
"873","1973","Albania","Sep","ALB","18.3269","124.2"
"874","1973","Albania","Oct","ALB","12.6607","81.4063"
"875","1973","Albania","Nov","ALB","5.84766","95.0112"
"876","1973","Albania","Dec","ALB","3.736","150.726"
"877","1974","Albania","Jan","ALB","2.88388","72.5933"
"878","1974","Albania","Feb","ALB","5.02423","127.643"
"879","1974","Albania","Mar","ALB","6.87957","81.376"
"880","1974","Albania","Apr","ALB","8.81002","126.144"
"881","1974","Albania","May","ALB","12.955","108.48"
"882","1974","Albania","Jun","ALB","17.3234","51.9871"
"883","1974","Albania","Jul","ALB","20.3174","12.7998"
"884","1974","Albania","Aug","ALB","21.4501","46.1952"
"885","1974","Albania","Sep","ALB","17.3556","109.617"
"886","1974","Albania","Oct","ALB","10.9402","214.604"
"887","1974","Albania","Nov","ALB","6.5223","107.464"
"888","1974","Albania","Dec","ALB","3.07896","53.8492"
"889","1975","Albania","Jan","ALB","1.57011","31.9437"
"890","1975","Albania","Feb","ALB","1.9127","48.7029"
"891","1975","Albania","Mar","ALB","6.98159","88.1594"
"892","1975","Albania","Apr","ALB","10.1005","36.4977"
"893","1975","Albania","May","ALB","14.7796","79.2451"
"894","1975","Albania","Jun","ALB","17.3209","53.4028"
"895","1975","Albania","Jul","ALB","20.2557","34.9998"
"896","1975","Albania","Aug","ALB","19.7311","40.7251"
"897","1975","Albania","Sep","ALB","18.8661","25.5125"
"898","1975","Albania","Oct","ALB","12.1877","156.514"
"899","1975","Albania","Nov","ALB","6.60065","105.66"
"900","1975","Albania","Dec","ALB","3.68364","63.9964"
"901","1976","Albania","Jan","ALB","1.48404","82.5658"
"902","1976","Albania","Feb","ALB","2.97948","72.7994"
"903","1976","Albania","Mar","ALB","4.97943","62.775"
"904","1976","Albania","Apr","ALB","9.62327","91.081"
"905","1976","Albania","May","ALB","14.3297","97.3057"
"906","1976","Albania","Jun","ALB","17.1586","92.4998"
"907","1976","Albania","Jul","ALB","19.8104","81.2007"
"908","1976","Albania","Aug","ALB","17.266","55.7598"
"909","1976","Albania","Sep","ALB","15.1099","43.2705"
"910","1976","Albania","Oct","ALB","12.8919","145.964"
"911","1976","Albania","Nov","ALB","7.81115","186.573"
"912","1976","Albania","Dec","ALB","3.90021","137.347"
"913","1977","Albania","Jan","ALB","3.03347","78.4796"
"914","1977","Albania","Feb","ALB","6.37136","94.2531"
"915","1977","Albania","Mar","ALB","8.09127","36.1163"
"916","1977","Albania","Apr","ALB","9.70213","55.5315"
"917","1977","Albania","May","ALB","15.1902","34.767"
"918","1977","Albania","Jun","ALB","17.9292","22.8645"
"919","1977","Albania","Jul","ALB","21.0732","28.5253"
"920","1977","Albania","Aug","ALB","20.3111","51.1192"
"921","1977","Albania","Sep","ALB","16.1886","88.6023"
"922","1977","Albania","Oct","ALB","11.8728","43.4648"
"923","1977","Albania","Nov","ALB","8.51694","137.254"
"924","1977","Albania","Dec","ALB","2.02979","81.1209"
"925","1978","Albania","Jan","ALB","2.32451","129.486"
"926","1978","Albania","Feb","ALB","3.89223","107.955"
"927","1978","Albania","Mar","ALB","6.74775","104.341"
"928","1978","Albania","Apr","ALB","9.24117","143.575"
"929","1978","Albania","May","ALB","13.1844","111.84"
"930","1978","Albania","Jun","ALB","17.8741","31.7661"
"931","1978","Albania","Jul","ALB","20.1024","11.4573"
"932","1978","Albania","Aug","ALB","19.8037","20.7228"
"933","1978","Albania","Sep","ALB","15.2262","127.536"
"934","1978","Albania","Oct","ALB","11.5772","56.7079"
"935","1978","Albania","Nov","ALB","4.66255","55.6353"
"936","1978","Albania","Dec","ALB","5.03206","131.726"
"937","1979","Albania","Jan","ALB","1.55505","153.204"
"938","1979","Albania","Feb","ALB","4.65397","139.831"
"939","1979","Albania","Mar","ALB","7.78729","69.4495"
"940","1979","Albania","Apr","ALB","9.00938","142.572"
"941","1979","Albania","May","ALB","14.9014","69.2209"
"942","1979","Albania","Jun","ALB","19.4355","55.8329"
"943","1979","Albania","Jul","ALB","19.9428","51.6225"
"944","1979","Albania","Aug","ALB","19.6799","87.3111"
"945","1979","Albania","Sep","ALB","16.7229","35.2774"
"946","1979","Albania","Oct","ALB","12.5601","113.27"
"947","1979","Albania","Nov","ALB","8.21753","263.44"
"948","1979","Albania","Dec","ALB","5.28805","120.275"
"949","1980","Albania","Jan","ALB","0.87051","122.619"
"950","1980","Albania","Feb","ALB","2.98275","49.1225"
"951","1980","Albania","Mar","ALB","5.97596","113.242"
"952","1980","Albania","Apr","ALB","8.21255","65.8564"
"953","1980","Albania","May","ALB","12.3118","148.52"
"954","1980","Albania","Jun","ALB","17.2004","50.2833"
"955","1980","Albania","Jul","ALB","20.0197","18.1635"
"956","1980","Albania","Aug","ALB","20.8536","35.9823"
"957","1980","Albania","Sep","ALB","17.4894","34.0986"
"958","1980","Albania","Oct","ALB","12.7419","181.922"
"959","1980","Albania","Nov","ALB","8.14649","152.253"
"960","1980","Albania","Dec","ALB","2.29756","139.216"
"961","1981","Albania","Jan","ALB","0.0559","90.2463"
"962","1981","Albania","Feb","ALB","2.43161","106.195"
"963","1981","Albania","Mar","ALB","7.88539","76.9701"
"964","1981","Albania","Apr","ALB","10.4483","62.7287"
"965","1981","Albania","May","ALB","14.1004","71.0573"
"966","1981","Albania","Jun","ALB","19.4242","29.1428"
"967","1981","Albania","Jul","ALB","19.8036","25.4798"
"968","1981","Albania","Aug","ALB","20.3361","49.3151"
"969","1981","Albania","Sep","ALB","17.2142","93.4608"
"970","1981","Albania","Oct","ALB","13.5722","153.148"
"971","1981","Albania","Nov","ALB","4.94107","95.5395"
"972","1981","Albania","Dec","ALB","4.35468","188.753"
"973","1982","Albania","Jan","ALB","2.26653","24.8829"
"974","1982","Albania","Feb","ALB","1.64419","80.3231"
"975","1982","Albania","Mar","ALB","5.35728","103.763"
"976","1982","Albania","Apr","ALB","9.22958","90.2125"
"977","1982","Albania","May","ALB","14.9938","38.9919"
"978","1982","Albania","Jun","ALB","19.5974","21.2631"
"979","1982","Albania","Jul","ALB","20.8699","35.1359"
"980","1982","Albania","Aug","ALB","20.9677","66.3889"
"981","1982","Albania","Sep","ALB","19.3243","60.9242"
"982","1982","Albania","Oct","ALB","13.0225","134.897"
"983","1982","Albania","Nov","ALB","6.92406","124.724"
"984","1982","Albania","Dec","ALB","5.07032","154.906"
"985","1983","Albania","Jan","ALB","2.78686","30.8986"
"986","1983","Albania","Feb","ALB","1.57882","86.1384"
"987","1983","Albania","Mar","ALB","6.61785","45.37"
"988","1983","Albania","Apr","ALB","11.2844","48.2148"
"989","1983","Albania","May","ALB","15.714","58.5043"
"990","1983","Albania","Jun","ALB","16.8311","134.487"
"991","1983","Albania","Jul","ALB","21.339","41.5446"
"992","1983","Albania","Aug","ALB","20.1399","43.6493"
"993","1983","Albania","Sep","ALB","16.9607","71.9073"
"994","1983","Albania","Oct","ALB","11.6121","71.8467"
"995","1983","Albania","Nov","ALB","6.19231","117.9"
"996","1983","Albania","Dec","ALB","3.28187","152.223"
"997","1984","Albania","Jan","ALB","3.04165","143.924"
"998","1984","Albania","Feb","ALB","2.98616","138.17"
"999","1984","Albania","Mar","ALB","5.18035","103.148"
"1000","1984","Albania","Apr","ALB","8.91515","77.607"
"1001","1984","Albania","May","ALB","14.1992","48.13"
"1002","1984","Albania","Jun","ALB","17.1716","18.3214"
"1003","1984","Albania","Jul","ALB","20.0344","13.5535"
"1004","1984","Albania","Aug","ALB","19.2659","58.0729"
"1005","1984","Albania","Sep","ALB","16.3819","94.1894"
"1006","1984","Albania","Oct","ALB","13.6813","35.6542"
"1007","1984","Albania","Nov","ALB","8.23908","100.296"
"1008","1984","Albania","Dec","ALB","3.52156","57.1764"
"1009","1985","Albania","Jan","ALB","0.0614","159.472"
"1010","1985","Albania","Feb","ALB","0.32227","54.0715"
"1011","1985","Albania","Mar","ALB","5.82697","120.527"
"1012","1985","Albania","Apr","ALB","10.6022","54.3927"
"1013","1985","Albania","May","ALB","15.8692","49.7026"
"1014","1985","Albania","Jun","ALB","17.7091","28.5455"
"1015","1985","Albania","Jul","ALB","21.3252","6.99554"
"1016","1985","Albania","Aug","ALB","21.4477","26.1849"
"1017","1985","Albania","Sep","ALB","17.8724","29.1101"
"1018","1985","Albania","Oct","ALB","11.9185","46.4756"
"1019","1985","Albania","Nov","ALB","8.22663","287.309"
"1020","1985","Albania","Dec","ALB","4.89074","57.2689"
"1021","1986","Albania","Jan","ALB","2.7147","148.37"
"1022","1986","Albania","Feb","ALB","2.53319","182.301"
"1023","1986","Albania","Mar","ALB","6.67234","91.2643"
"1024","1986","Albania","Apr","ALB","11.2174","66.5112"
"1025","1986","Albania","May","ALB","16.2253","55.0785"
"1026","1986","Albania","Jun","ALB","18.1539","94.8147"
"1027","1986","Albania","Jul","ALB","19.5646","44.7445"
"1028","1986","Albania","Aug","ALB","22.0478","9.27947"
"1029","1986","Albania","Sep","ALB","18.0823","47.3876"
"1030","1986","Albania","Oct","ALB","12.5571","66.8999"
"1031","1986","Albania","Nov","ALB","7.38759","59.7373"
"1032","1986","Albania","Dec","ALB","1.47242","71.5562"
"1033","1987","Albania","Jan","ALB","1.70056","135.1"
"1034","1987","Albania","Feb","ALB","4.15341","75.4562"
"1035","1987","Albania","Mar","ALB","2.1006","138.705"
"1036","1987","Albania","Apr","ALB","9.78866","51.8757"
"1037","1987","Albania","May","ALB","12.8541","114.384"
"1038","1987","Albania","Jun","ALB","17.938","45.2405"
"1039","1987","Albania","Jul","ALB","21.5047","21.3576"
"1040","1987","Albania","Aug","ALB","20.8204","20.55"
"1041","1987","Albania","Sep","ALB","20.4954","30.2143"
"1042","1987","Albania","Oct","ALB","12.9834","115.169"
"1043","1987","Albania","Nov","ALB","8.45078","171.571"
"1044","1987","Albania","Dec","ALB","4.47329","92.0902"
"1045","1988","Albania","Jan","ALB","4.42011","64.3306"
"1046","1988","Albania","Feb","ALB","3.74559","113.311"
"1047","1988","Albania","Mar","ALB","5.59839","83.4292"
"1048","1988","Albania","Apr","ALB","9.89867","74.8784"
"1049","1988","Albania","May","ALB","15.1808","28.0333"
"1050","1988","Albania","Jun","ALB","18.1643","46.0115"
"1051","1988","Albania","Jul","ALB","23.5984","6.15098"
"1052","1988","Albania","Aug","ALB","22.9225","25.7269"
"1053","1988","Albania","Sep","ALB","17.2448","77.5739"
"1054","1988","Albania","Oct","ALB","12.4045","62.8998"
"1055","1988","Albania","Nov","ALB","5.30639","131.249"
"1056","1988","Albania","Dec","ALB","2.74242","84.6937"
"1057","1989","Albania","Jan","ALB","1.37609","12.4081"
"1058","1989","Albania","Feb","ALB","4.3395","27.139"
"1059","1989","Albania","Mar","ALB","8.70065","52.0531"
"1060","1989","Albania","Apr","ALB","11.1139","94.1387"
"1061","1989","Albania","May","ALB","13.6279","58.6254"
"1062","1989","Albania","Jun","ALB","16.4862","91.5946"
"1063","1989","Albania","Jul","ALB","20.8346","67.0343"
"1064","1989","Albania","Aug","ALB","20.7837","48.0224"
"1065","1989","Albania","Sep","ALB","17.0674","51.2409"
"1066","1989","Albania","Oct","ALB","11.0796","102.156"
"1067","1989","Albania","Nov","ALB","6.77391","102.287"
"1068","1989","Albania","Dec","ALB","3.75522","60.2295"
"1069","1990","Albania","Jan","ALB","1.02952","16.166"
"1070","1990","Albania","Feb","ALB","5.48878","37.9169"
"1071","1990","Albania","Mar","ALB","8.67614","14.5545"
"1072","1990","Albania","Apr","ALB","10.3667","112.326"
"1073","1990","Albania","May","ALB","15.0377","55.6083"
"1074","1990","Albania","Jun","ALB","18.5374","23.6595"
"1075","1990","Albania","Jul","ALB","21.7944","15.6806"
"1076","1990","Albania","Aug","ALB","21.271","35.5103"
"1077","1990","Albania","Sep","ALB","16.7406","46.8636"
"1078","1990","Albania","Oct","ALB","13.7611","98.7098"
"1079","1990","Albania","Nov","ALB","8.99315","130.114"
"1080","1990","Albania","Dec","ALB","2.91816","225.125"
"1081","1991","Albania","Jan","ALB","1.53289","37.4934"
"1082","1991","Albania","Feb","ALB","1.91301","120.416"
"1083","1991","Albania","Mar","ALB","8.11037","63.3037"
"1084","1991","Albania","Apr","ALB","8.98203","126.084"
"1085","1991","Albania","May","ALB","11.7909","85.4947"
"1086","1991","Albania","Jun","ALB","18.8251","32.1569"
"1087","1991","Albania","Jul","ALB","20.6643","76.3838"
"1088","1991","Albania","Aug","ALB","20.7155","42.7505"
"1089","1991","Albania","Sep","ALB","18.0427","55.2794"
"1090","1991","Albania","Oct","ALB","12.5302","89.9531"
"1091","1991","Albania","Nov","ALB","8.2246","145.106"
"1092","1991","Albania","Dec","ALB","1.12019","43.4473"
"1093","1992","Albania","Jan","ALB","1.48451","26.7264"
"1094","1992","Albania","Feb","ALB","2.23911","22.3447"
"1095","1992","Albania","Mar","ALB","5.87694","40.1933"
"1096","1992","Albania","Apr","ALB","9.67909","147.636"
"1097","1992","Albania","May","ALB","14.8555","65.1148"
"1098","1992","Albania","Jun","ALB","17.8003","95.4325"
"1099","1992","Albania","Jul","ALB","20.4693","53.3617"
"1100","1992","Albania","Aug","ALB","23.0258","12.8098"
"1101","1992","Albania","Sep","ALB","17.6624","36.1054"
"1102","1992","Albania","Oct","ALB","14.1531","97.6529"
"1103","1992","Albania","Nov","ALB","8.54418","80.1566"
"1104","1992","Albania","Dec","ALB","2.97618","120.162"
"1105","1993","Albania","Jan","ALB","1.5604","32.6432"
"1106","1993","Albania","Feb","ALB","1.12405","45.0802"
"1107","1993","Albania","Mar","ALB","5.01183","95.5706"
"1108","1993","Albania","Apr","ALB","10.29","61.0221"
"1109","1993","Albania","May","ALB","15.9145","106.746"
"1110","1993","Albania","Jun","ALB","19.4725","36.7896"
"1111","1993","Albania","Jul","ALB","20.6944","8.53627"
"1112","1993","Albania","Aug","ALB","22.1643","12.3059"
"1113","1993","Albania","Sep","ALB","17.158","70.8277"
"1114","1993","Albania","Oct","ALB","13.9114","70.0062"
"1115","1993","Albania","Nov","ALB","6.93816","219.471"
"1116","1993","Albania","Dec","ALB","4.90854","102.276"
"1117","1994","Albania","Jan","ALB","3.75962","142"
"1118","1994","Albania","Feb","ALB","3.52546","107.67"
"1119","1994","Albania","Mar","ALB","7.83775","22.6095"
"1120","1994","Albania","Apr","ALB","10.6027","126.862"
"1121","1994","Albania","May","ALB","15.711","81.3266"
"1122","1994","Albania","Jun","ALB","18.9145","59.7012"
"1123","1994","Albania","Jul","ALB","22.8277","36.8604"
"1124","1994","Albania","Aug","ALB","23.3111","49.5882"
"1125","1994","Albania","Sep","ALB","19.9504","60.2347"
"1126","1994","Albania","Oct","ALB","13.266","106.07"
"1127","1994","Albania","Nov","ALB","7.14062","95.1727"
"1128","1994","Albania","Dec","ALB","3.47463","118.117"
"1129","1995","Albania","Jan","ALB","2.04014","121.497"
"1130","1995","Albania","Feb","ALB","5.56375","56.5508"
"1131","1995","Albania","Mar","ALB","5.55997","108.231"
"1132","1995","Albania","Apr","ALB","9.23031","79.1179"
"1133","1995","Albania","May","ALB","14.2585","74.7577"
"1134","1995","Albania","Jun","ALB","18.2155","26.1716"
"1135","1995","Albania","Jul","ALB","22.375","70.9005"
"1136","1995","Albania","Aug","ALB","20.1668","125.52"
"1137","1995","Albania","Sep","ALB","16.0541","97.0654"
"1138","1995","Albania","Oct","ALB","12.0695","8.45294"
"1139","1995","Albania","Nov","ALB","5.43238","101.446"
"1140","1995","Albania","Dec","ALB","5.17777","207.101"
"1141","1996","Albania","Jan","ALB","2.74004","104.838"
"1142","1996","Albania","Feb","ALB","2.06475","141.599"
"1143","1996","Albania","Mar","ALB","3.7962","110.794"
"1144","1996","Albania","Apr","ALB","9.6424","83.6534"
"1145","1996","Albania","May","ALB","15.6802","69.9186"
"1146","1996","Albania","Jun","ALB","19.6962","26.2534"
"1147","1996","Albania","Jul","ALB","20.7943","15.4274"
"1148","1996","Albania","Aug","ALB","21.1839","56.1261"
"1149","1996","Albania","Sep","ALB","14.6405","154.187"
"1150","1996","Albania","Oct","ALB","11.3562","113.208"
"1151","1996","Albania","Nov","ALB","8.51967","120.708"
"1152","1996","Albania","Dec","ALB","3.81211","152.666"
"1153","1997","Albania","Jan","ALB","3.28325","77.4945"
"1154","1997","Albania","Feb","ALB","3.6685","40.241"
"1155","1997","Albania","Mar","ALB","6.28489","31.2609"
"1156","1997","Albania","Apr","ALB","6.77591","97.4429"
"1157","1997","Albania","May","ALB","15.6763","34.3158"
"1158","1997","Albania","Jun","ALB","19.5669","32.1301"
"1159","1997","Albania","Jul","ALB","20.9515","25.9727"
"1160","1997","Albania","Aug","ALB","19.9366","58.2482"
"1161","1997","Albania","Sep","ALB","17.4531","18.5151"
"1162","1997","Albania","Oct","ALB","11.055","165.422"
"1163","1997","Albania","Nov","ALB","8.2272","126.717"
"1164","1997","Albania","Dec","ALB","4.05454","138.908"
"1165","1998","Albania","Jan","ALB","3.35315","77.628"
"1166","1998","Albania","Feb","ALB","5.2894","67.3887"
"1167","1998","Albania","Mar","ALB","4.6071","30.3207"
"1168","1998","Albania","Apr","ALB","11.0717","51.2141"
"1169","1998","Albania","May","ALB","14.7972","109.99"
"1170","1998","Albania","Jun","ALB","20.1738","28.0436"
"1171","1998","Albania","Jul","ALB","22.5688","29.8787"
"1172","1998","Albania","Aug","ALB","22.7593","28.4363"
"1173","1998","Albania","Sep","ALB","17.1139","131.267"
"1174","1998","Albania","Oct","ALB","13.176","92.8693"
"1175","1998","Albania","Nov","ALB","6.80689","201.082"
"1176","1998","Albania","Dec","ALB","1.90665","114.234"
"1177","1999","Albania","Jan","ALB","2.56853","107.851"
"1178","1999","Albania","Feb","ALB","2.0871","101.015"
"1179","1999","Albania","Mar","ALB","6.71538","106.383"
"1180","1999","Albania","Apr","ALB","10.8004","70.3827"
"1181","1999","Albania","May","ALB","16.1647","44.9119"
"1182","1999","Albania","Jun","ALB","19.8776","61.0875"
"1183","1999","Albania","Jul","ALB","21.737","51.0273"
"1184","1999","Albania","Aug","ALB","22.4286","52.3732"
"1185","1999","Albania","Sep","ALB","18.5438","69.4496"
"1186","1999","Albania","Oct","ALB","13.561","83.2043"
"1187","1999","Albania","Nov","ALB","7.79985","128.918"
"1188","1999","Albania","Dec","ALB","4.74799","187.86"
"1189","2000","Albania","Jan","ALB","0.11537","32.0948"
"1190","2000","Albania","Feb","ALB","3.37857","81.4036"
"1191","2000","Albania","Mar","ALB","5.92704","39.5778"
"1192","2000","Albania","Apr","ALB","12.2484","54.9751"
"1193","2000","Albania","May","ALB","17.1948","28.6229"
"1194","2000","Albania","Jun","ALB","20.5786","35.7538"
"1195","2000","Albania","Jul","ALB","21.7982","34.9278"
"1196","2000","Albania","Aug","ALB","22.8827","7.53663"
"1197","2000","Albania","Sep","ALB","17.5322","65.2829"
"1198","2000","Albania","Oct","ALB","13.1644","111.189"
"1199","2000","Albania","Nov","ALB","10.2876","164.428"
"1200","2000","Albania","Dec","ALB","5.12822","98.9828"
"1201","2001","Albania","Jan","ALB","4.35344","126.632"
"1202","2001","Albania","Feb","ALB","4.33498","62.9108"
"1203","2001","Albania","Mar","ALB","9.87519","60.4456"
"1204","2001","Albania","Apr","ALB","9.97689","123.014"
"1205","2001","Albania","May","ALB","16.1743","65.0348"
"1206","2001","Albania","Jun","ALB","18.3694","26.9683"
"1207","2001","Albania","Jul","ALB","22.1963","22.8882"
"1208","2001","Albania","Aug","ALB","22.9692","23.098"
"1209","2001","Albania","Sep","ALB","16.9338","63.6019"
"1210","2001","Albania","Oct","ALB","14.2422","14.0733"
"1211","2001","Albania","Nov","ALB","7.11333","88.3872"
"1212","2001","Albania","Dec","ALB","0.53512","101.117"
"1213","2002","Albania","Jan","ALB","1.22001","48.8068"
"1214","2002","Albania","Feb","ALB","6.15358","29.4208"
"1215","2002","Albania","Mar","ALB","8.1191","62.3789"
"1216","2002","Albania","Apr","ALB","10.3717","122.602"
"1217","2002","Albania","May","ALB","16.2278","70.4988"
"1218","2002","Albania","Jun","ALB","20.4108","29.0813"
"1219","2002","Albania","Jul","ALB","22.3559","70.3501"
"1220","2002","Albania","Aug","ALB","20.9112","94.89"
"1221","2002","Albania","Sep","ALB","16.4238","151.257"
"1222","2002","Albania","Oct","ALB","12.4795","93.5184"
"1223","2002","Albania","Nov","ALB","9.51594","64.7226"
"1224","2002","Albania","Dec","ALB","3.83851","211.289"
"1225","2003","Albania","Jan","ALB","3.31678","183.728"
"1226","2003","Albania","Feb","ALB","-0.4209","68.2509"
"1227","2003","Albania","Mar","ALB","5.37618","22.2857"
"1228","2003","Albania","Apr","ALB","9.46531","55.4332"
"1229","2003","Albania","May","ALB","17.7515","45.2381"
"1230","2003","Albania","Jun","ALB","20.9717","35.9667"
"1231","2003","Albania","Jul","ALB","22.7705","29.0314"
"1232","2003","Albania","Aug","ALB","23.8397","40.1414"
"1233","2003","Albania","Sep","ALB","17.2132","96.7162"
"1234","2003","Albania","Oct","ALB","12.4784","190.108"
"1235","2003","Albania","Nov","ALB","9.23536","81.4206"
"1236","2003","Albania","Dec","ALB","3.66308","104.3"
"1237","2004","Albania","Jan","ALB","1.17319","129.288"
"1238","2004","Albania","Feb","ALB","3.5604","55.9874"
"1239","2004","Albania","Mar","ALB","6.51398","89.4995"
"1240","2004","Albania","Apr","ALB","10.9597","90.305"
"1241","2004","Albania","May","ALB","13.7398","91.1766"
"1242","2004","Albania","Jun","ALB","18.6574","96.1101"
"1243","2004","Albania","Jul","ALB","21.9674","56.0971"
"1244","2004","Albania","Aug","ALB","21.1549","30.5722"
"1245","2004","Albania","Sep","ALB","17.3487","68.0157"
"1246","2004","Albania","Oct","ALB","14.395","90.8403"
"1247","2004","Albania","Nov","ALB","8.02036","115.326"
"1248","2004","Albania","Dec","ALB","5.11754","128.993"
"1249","2005","Albania","Jan","ALB","2.01291","92.7597"
"1250","2005","Albania","Feb","ALB","0.87773","129.504"
"1251","2005","Albania","Mar","ALB","5.73844","95.9816"
"1252","2005","Albania","Apr","ALB","10.2636","50.7245"
"1253","2005","Albania","May","ALB","15.6961","54.2769"
"1254","2005","Albania","Jun","ALB","18.9241","35.4775"
"1255","2005","Albania","Jul","ALB","21.9434","52.5755"
"1256","2005","Albania","Aug","ALB","20.6688","52.1555"
"1257","2005","Albania","Sep","ALB","17.8309","89.302"
"1258","2005","Albania","Oct","ALB","12.1412","88.8284"
"1259","2005","Albania","Nov","ALB","7.17907","122.446"
"1260","2005","Albania","Dec","ALB","3.59408","144.117"
"1261","2006","Albania","Jan","ALB","0.59517","104.78"
"1262","2006","Albania","Feb","ALB","2.71513","97.822"
"1263","2006","Albania","Mar","ALB","6.06157","119.15"
"1264","2006","Albania","Apr","ALB","11.2373","75.4307"
"1265","2006","Albania","May","ALB","15.5156","44.0517"
"1266","2006","Albania","Jun","ALB","18.8815","76.7663"
"1267","2006","Albania","Jul","ALB","22.5086","48.7989"
"1268","2006","Albania","Aug","ALB","21.1289","77.8075"
"1269","2006","Albania","Sep","ALB","18.0989","137.567"
"1270","2006","Albania","Oct","ALB","13.5732","68.2945"
"1271","2006","Albania","Nov","ALB","6.93708","57.7761"
"1272","2006","Albania","Dec","ALB","4.0216","72.4435"
"1273","2007","Albania","Jan","ALB","4.36223","54.018"
"1274","2007","Albania","Feb","ALB","5.27139","109.726"
"1275","2007","Albania","Mar","ALB","7.75527","108.86"
"1276","2007","Albania","Apr","ALB","11.6179","40.1885"
"1277","2007","Albania","May","ALB","16.3354","98.6497"
"1278","2007","Albania","Jun","ALB","20.8472","46.6286"
"1279","2007","Albania","Jul","ALB","23.5971","5.70351"
"1280","2007","Albania","Aug","ALB","22.5941","32.3943"
"1281","2007","Albania","Sep","ALB","16.4269","87.9626"
"1282","2007","Albania","Oct","ALB","12.1823","153.659"
"1283","2007","Albania","Nov","ALB","6.60321","162.224"
"1284","2007","Albania","Dec","ALB","2.09818","90.8789"
"1285","2008","Albania","Jan","ALB","2.94328","66.094"
"1286","2008","Albania","Feb","ALB","3.91282","31.7455"
"1287","2008","Albania","Mar","ALB","7.74537","122.645"
"1288","2008","Albania","Apr","ALB","11.2169","104.486"
"1289","2008","Albania","May","ALB","15.8592","47.1399"
"1290","2008","Albania","Jun","ALB","20.3973","92.9053"
"1291","2008","Albania","Jul","ALB","22.314","32.7213"
"1292","2008","Albania","Aug","ALB","23.0438","7.74651"
"1293","2008","Albania","Sep","ALB","16.9045","113.909"
"1294","2008","Albania","Oct","ALB","13.2018","46.2237"
"1295","2008","Albania","Nov","ALB","8.93316","124.617"
"1296","2008","Albania","Dec","ALB","4.73479","188.646"
"1297","2009","Albania","Jan","ALB","2.99739","195.175"
"1298","2009","Albania","Feb","ALB","2.67479","78.4493"
"1299","2009","Albania","Mar","ALB","6.15273","135.57"
"1300","2009","Albania","Apr","ALB","11.6309","77.8671"
"1301","2009","Albania","May","ALB","16.9894","39.4951"
"1302","2009","Albania","Jun","ALB","19.0401","115.144"
"1303","2009","Albania","Jul","ALB","22.4064","25.6286"
"1304","2009","Albania","Aug","ALB","22.7282","65.3676"
"1305","2009","Albania","Sep","ALB","18.5312","68.7456"
"1306","2009","Albania","Oct","ALB","12.4391","172.231"
"1307","2009","Albania","Nov","ALB","8.32668","117.791"
"1308","2009","Albania","Dec","ALB","5.30481","178.908"
"1309","2010","Albania","Jan","ALB","2.43329","114.964"
"1310","2010","Albania","Feb","ALB","4.21736","170.743"
"1311","2010","Albania","Mar","ALB","6.85006","89.0908"
"1312","2010","Albania","Apr","ALB","11.4331","65.0701"
"1313","2010","Albania","May","ALB","15.3276","85.9549"
"1314","2010","Albania","Jun","ALB","18.9869","71.9498"
"1315","2010","Albania","Jul","ALB","22.5703","22.2842"
"1316","2010","Albania","Aug","ALB","23.0059","11.0346"
"1317","2010","Albania","Sep","ALB","17.4071","132.271"
"1318","2010","Albania","Oct","ALB","11.5867","212.571"
"1319","2010","Albania","Nov","ALB","10.6477","186.83"
"1320","2010","Albania","Dec","ALB","4.21938","131.414"
"1321","2011","Albania","Jan","ALB","2.45817","87.1481"
"1322","2011","Albania","Feb","ALB","3.28577","56.7609"
"1323","2011","Albania","Mar","ALB","6.57972","77.3145"
"1324","2011","Albania","Apr","ALB","11.1533","49.9504"
"1325","2011","Albania","May","ALB","15.2207","64.6709"
"1326","2011","Albania","Jun","ALB","19.7459","34.6127"
"1327","2011","Albania","Jul","ALB","22.1426","34.924"
"1328","2011","Albania","Aug","ALB","22.6793","27.2987"
"1329","2011","Albania","Sep","ALB","20.4546","47.2784"
"1330","2011","Albania","Oct","ALB","11.5438","69.4149"
"1331","2011","Albania","Nov","ALB","6.29302","44.8628"
"1332","2011","Albania","Dec","ALB","4.47284","123.82"
"1333","2012","Albania","Jan","ALB","1.04966","55.9501"
"1334","2012","Albania","Feb","ALB","0.56095","122.873"
"1335","2012","Albania","Mar","ALB","7.81226","45.3537"
"1336","2012","Albania","Apr","ALB","11.483","139.932"
"1337","2012","Albania","May","ALB","15.6178","106.267"
"1338","2012","Albania","Jun","ALB","20.8091","29.5326"
"1339","2012","Albania","Jul","ALB","23.9754","9.65832"
"1340","2012","Albania","Aug","ALB","23.8087","12.3928"
"1341","2012","Albania","Sep","ALB","19.0892","80.8811"
"1342","2012","Albania","Oct","ALB","14.627","99.6808"
"1343","2012","Albania","Nov","ALB","10.0931","120.244"
"1344","2012","Albania","Dec","ALB","3.02986","155.612"
"1345","2013","Albania","Jan","ALB","3.27005","144.228"
"1346","2013","Albania","Feb","ALB","4.04166","161.578"
"1347","2013","Albania","Mar","ALB","6.8053","103.987"
"1348","2013","Albania","Apr","ALB","12.2867","45.2612"
"1349","2013","Albania","May","ALB","16.4476","65.3966"
"1350","2013","Albania","Jun","ALB","19.2719","89.4876"
"1351","2013","Albania","Jul","ALB","22.4255","23.816"
"1352","2013","Albania","Aug","ALB","23.7086","13.7313"
"1353","2013","Albania","Sep","ALB","17.9202","61.5709"
"1354","2013","Albania","Oct","ALB","13.535","61.7158"
"1355","2013","Albania","Nov","ALB","9.49648","151.29"
"1356","2013","Albania","Dec","ALB","3.76837","85.5447"
"1357","2014","Albania","Jan","ALB","4.90211","126.288"
"1358","2014","Albania","Feb","ALB","6.19722","104.616"
"1359","2014","Albania","Mar","ALB","8.28364","98.1594"
"1360","2014","Albania","Apr","ALB","11.0566","116.298"
"1361","2014","Albania","May","ALB","14.5624","66.2309"
"1362","2014","Albania","Jun","ALB","19.2738","83.3413"
"1363","2014","Albania","Jul","ALB","21.1755","76.7092"
"1364","2014","Albania","Aug","ALB","22.0088","28.0147"
"1365","2014","Albania","Sep","ALB","17.5796","167.336"
"1366","2014","Albania","Oct","ALB","13.0243","107.607"
"1367","2014","Albania","Nov","ALB","9.5436","138.511"
"1368","2014","Albania","Dec","ALB","4.84091","163.727"
"1369","2015","Albania","Jan","ALB","3.19867","114.057"
"1370","2015","Albania","Feb","ALB","3.52911","126.666"
"1371","2015","Albania","Mar","ALB","6.68064","126.853"
"1372","2015","Albania","Apr","ALB","10.7067","38.2039"
"1373","2015","Albania","May","ALB","16.3166","30.2945"
"1374","2015","Albania","Jun","ALB","19.3185","68.1053"
"1375","2015","Albania","Jul","ALB","23.8223","7.19228"
"1376","2015","Albania","Aug","ALB","23.3709","66.3242"
"1377","2015","Albania","Sep","ALB","19.0508","116.969"
"1378","2015","Albania","Oct","ALB","13.0141","154.238"
"1379","2015","Albania","Nov","ALB","9.07204","85.7837"
"1380","2015","Albania","Dec","ALB","4.14275","2.95994"
"1381","2016","Albania","Jan","ALB","3.33526","115.106"
"1382","2016","Albania","Feb","ALB","7.55748","79.2898"
"1383","2016","Albania","Mar","ALB","7.56366","157.058"
"1384","2016","Albania","Apr","ALB","13.0139","59.5252"
"1385","2016","Albania","May","ALB","14.9038","157.116"
"1386","2016","Albania","Jun","ALB","20.0879","105.442"
"1387","2016","Albania","Jul","ALB","22.849","38.1605"
"1388","2016","Albania","Aug","ALB","22.0091","24.4961"
"1389","2016","Albania","Sep","ALB","18.054","131.545"
"1390","2016","Albania","Oct","ALB","12.695","125.878"
"1391","2016","Albania","Nov","ALB","8.33284","97.5392"
"1392","2016","Albania","Dec","ALB","2.26611","4.58845"
