"Year","Country","Month","ISO3","Temperature","Rain"
"1901","France","Jan","FRA","1.97471","40.929"
"1901","France","Feb","FRA","-0.3691","34.7865"
"1901","France","Mar","FRA","4.4733","90.9714"
"1901","France","Apr","FRA","9.78651","83.16"
"1901","France","May","FRA","12.958","42.6287"
"1901","France","Jun","FRA","16.9689","49.8409"
"1901","France","Jul","FRA","19.108","83.5926"
"1901","France","Aug","FRA","18.0125","50.5578"
"1901","France","Sep","FRA","15.5242","109.712"
"1901","France","Oct","FRA","10.4494","96.5855"
"1901","France","Nov","FRA","4.36819","25.0669"
"1901","France","Dec","FRA","3.12069","96.8427"
"1902","France","Jan","FRA","3.63617","43.6233"
"1902","France","Feb","FRA","2.81331","68.6976"
"1902","France","Mar","FRA","7.06779","64.3487"
"1902","France","Apr","FRA","10.4252","75.9919"
"1902","France","May","FRA","9.72844","69.532"
"1902","France","Jun","FRA","15.1308","70.0313"
"1902","France","Jul","FRA","18.3357","46.2754"
"1902","France","Aug","FRA","17.3228","83.5714"
"1902","France","Sep","FRA","14.7911","52.6958"
"1902","France","Oct","FRA","9.97346","68.8822"
"1902","France","Nov","FRA","5.66103","66.8391"
"1902","France","Dec","FRA","2.78467","52.3753"
"1903","France","Jan","FRA","3.16155","49.5111"
"1903","France","Feb","FRA","5.40226","22.2146"
"1903","France","Mar","FRA","7.40526","56.7649"
"1903","France","Apr","FRA","6.77019","72.5385"
"1903","France","May","FRA","12.7177","70.5266"
"1903","France","Jun","FRA","14.7647","88.5411"
"1903","France","Jul","FRA","17.3849","75.7371"
"1903","France","Aug","FRA","17.3325","65.8312"
"1903","France","Sep","FRA","15.3961","49.6254"
"1903","France","Oct","FRA","11.9894","112.656"
"1903","France","Nov","FRA","6.53614","56.2307"
"1903","France","Dec","FRA","2.22301","76.7297"
"1904","France","Jan","FRA","2.31453","56.6626"
"1904","France","Feb","FRA","4.31378","103.262"
"1904","France","Mar","FRA","5.31368","47.0317"
"1904","France","Apr","FRA","10.2777","42.7758"
"1904","France","May","FRA","13.6244","59.7913"
"1904","France","Jun","FRA","16.4062","78.9541"
"1904","France","Jul","FRA","20.3551","35.7654"
"1904","France","Aug","FRA","18.6201","48.0276"
"1904","France","Sep","FRA","13.7611","72.1907"
"1904","France","Oct","FRA","10.9288","36.0423"
"1904","France","Nov","FRA","5.00218","32.8111"
"1904","France","Dec","FRA","4.27568","64.4723"
"1905","France","Jan","FRA","1.07739","51.2773"
"1905","France","Feb","FRA","3.5489","27.9793"
"1905","France","Mar","FRA","7.22248","79.0869"
"1905","France","Apr","FRA","9.16099","47.7388"
"1905","France","May","FRA","11.6565","68.3024"
"1905","France","Jun","FRA","16.5961","75.3167"
"1905","France","Jul","FRA","20.1117","35.3907"
"1905","France","Aug","FRA","17.6363","104.56"
"1905","France","Sep","FRA","14.7487","99.7818"
"1905","France","Oct","FRA","7.67433","46.8927"
"1905","France","Nov","FRA","5.2665","122.484"
"1905","France","Dec","FRA","3.18299","32.9956"
"1906","France","Jan","FRA","3.80028","82.2188"
"1906","France","Feb","FRA","2.74098","72.7711"
"1906","France","Mar","FRA","5.32744","55.1657"
"1906","France","Apr","FRA","8.46809","65.793"
"1906","France","May","FRA","12.6366","53.7499"
"1906","France","Jun","FRA","15.986","19.7694"
"1906","France","Jul","FRA","18.2763","51.8672"
"1906","France","Aug","FRA","18.9385","24.9943"
"1906","France","Sep","FRA","15.3264","28.8911"
"1906","France","Oct","FRA","12.6055","77.3694"
"1906","France","Nov","FRA","7.20755","113.65"
"1906","France","Dec","FRA","1.66468","82.5962"
"1907","France","Jan","FRA","1.99812","38.8617"
"1907","France","Feb","FRA","1.52917","47.3177"
"1907","France","Mar","FRA","5.85167","36.6256"
"1907","France","Apr","FRA","8.19405","67.0133"
"1907","France","May","FRA","12.709","79.4657"
"1907","France","Jun","FRA","15.2291","64.8466"
"1907","France","Jul","FRA","16.469","55.1669"
"1907","France","Aug","FRA","17.9762","26.7335"
"1907","France","Sep","FRA","16.0064","65.7973"
"1907","France","Oct","FRA","11.635","175.542"
"1907","France","Nov","FRA","7.2525","64.8413"
"1907","France","Dec","FRA","5.15762","93.5025"
"1908","France","Jan","FRA","1.01646","25.5254"
"1908","France","Feb","FRA","4.25271","58.1288"
"1908","France","Mar","FRA","4.79184","57.4027"
"1908","France","Apr","FRA","7.43306","55.766"
"1908","France","May","FRA","14.2273","70.1503"
"1908","France","Jun","FRA","17.0634","83.0457"
"1908","France","Jul","FRA","17.9516","66.9972"
"1908","France","Aug","FRA","16.883","65.1419"
"1908","France","Sep","FRA","14.656","67.0825"
"1908","France","Oct","FRA","11.6036","29.355"
"1908","France","Nov","FRA","5.72818","52.2562"
"1908","France","Dec","FRA","3.07428","72.2178"
"1909","France","Jan","FRA","1.46593","39.7406"
"1909","France","Feb","FRA","1.44492","26.917"
"1909","France","Mar","FRA","4.40007","97.6697"
"1909","France","Apr","FRA","10.3407","52.5617"
"1909","France","May","FRA","12.623","40.2561"
"1909","France","Jun","FRA","14.2196","102.735"
"1909","France","Jul","FRA","16.1758","56.97"
"1909","France","Aug","FRA","17.8868","62.065"
"1909","France","Sep","FRA","14.112","87.9021"
"1909","France","Oct","FRA","12.1412","99.9547"
"1909","France","Nov","FRA","4.60509","44.0392"
"1909","France","Dec","FRA","4.59258","111.237"
"1910","France","Jan","FRA","3.70393","88.9494"
"1910","France","Feb","FRA","5.03076","100.09"
"1910","France","Mar","FRA","6.27916","46.4596"
"1910","France","Apr","FRA","8.3426","63.71"
"1910","France","May","FRA","11.73","95.6856"
"1910","France","Jun","FRA","16.2286","102.386"
"1910","France","Jul","FRA","16.442","79.0376"
"1910","France","Aug","FRA","17.2535","83.2598"
"1910","France","Sep","FRA","13.9933","40.8431"
"1910","France","Oct","FRA","11.7101","91.5601"
"1910","France","Nov","FRA","5.55451","162.449"
"1910","France","Dec","FRA","5.61839","107.78"
"1911","France","Jan","FRA","0.85459","30.3255"
"1911","France","Feb","FRA","4.01663","29.0295"
"1911","France","Mar","FRA","6.21254","58.7194"
"1911","France","Apr","FRA","8.20696","40.62"
"1911","France","May","FRA","13.4108","71.4618"
"1911","France","Jun","FRA","15.8805","83.0004"
"1911","France","Jul","FRA","20.7767","24.9635"
"1911","France","Aug","FRA","21.0473","35.1553"
"1911","France","Sep","FRA","17.3359","53.9521"
"1911","France","Oct","FRA","11.4144","115.326"
"1911","France","Nov","FRA","7.11373","105.082"
"1911","France","Dec","FRA","6.03701","106.001"
"1912","France","Jan","FRA","4.06547","76.2323"
"1912","France","Feb","FRA","6.45127","63.5975"
"1912","France","Mar","FRA","8.35894","93.6707"
"1912","France","Apr","FRA","8.93807","35.0476"
"1912","France","May","FRA","13.6248","58.0911"
"1912","France","Jun","FRA","15.6843","80.1257"
"1912","France","Jul","FRA","17.9051","76.0509"
"1912","France","Aug","FRA","15.2593","126.898"
"1912","France","Sep","FRA","12.3484","38.733"
"1912","France","Oct","FRA","9.73998","87.853"
"1912","France","Nov","FRA","4.88519","62.1384"
"1912","France","Dec","FRA","4.92978","48.5013"
"1913","France","Jan","FRA","4.79035","85.2113"
"1913","France","Feb","FRA","4.10142","36.5572"
"1913","France","Mar","FRA","7.73835","79.5598"
"1913","France","Apr","FRA","8.97501","84.8063"
"1913","France","May","FRA","12.8631","87.4613"
"1913","France","Jun","FRA","15.8529","56.6526"
"1913","France","Jul","FRA","16.2635","60.9428"
"1913","France","Aug","FRA","17.3515","47.9186"
"1913","France","Sep","FRA","15.074","83.625"
"1913","France","Oct","FRA","12.0951","89.6922"
"1913","France","Nov","FRA","8.96966","87.2346"
"1913","France","Dec","FRA","3.56604","63.6932"
"1914","France","Jan","FRA","-0.0571","33.33"
"1914","France","Feb","FRA","5.94576","66.343"
"1914","France","Mar","FRA","7.23898","111.022"
"1914","France","Apr","FRA","11.1287","42.862"
"1914","France","May","FRA","11.8707","87.2508"
"1914","France","Jun","FRA","15.0577","73.8913"
"1914","France","Jul","FRA","17.3125","98.2648"
"1914","France","Aug","FRA","18.131","75.3789"
"1914","France","Sep","FRA","15.0553","62.3003"
"1914","France","Oct","FRA","10.3968","78.0985"
"1914","France","Nov","FRA","5.82354","70.5368"
"1914","France","Dec","FRA","5.41615","111.308"
"1915","France","Jan","FRA","3.18624","95.2187"
"1915","France","Feb","FRA","3.84982","91.5925"
"1915","France","Mar","FRA","5.34095","42.6906"
"1915","France","Apr","FRA","8.28789","69.0525"
"1915","France","May","FRA","14.2955","96.4507"
"1915","France","Jun","FRA","17.3119","76.4128"
"1915","France","Jul","FRA","17.3373","67.2465"
"1915","France","Aug","FRA","17.2711","46.3567"
"1915","France","Sep","FRA","14.3353","74.4966"
"1915","France","Oct","FRA","9.20197","51.7978"
"1915","France","Nov","FRA","4.15977","78.8143"
"1915","France","Dec","FRA","6.75924","109.545"
"1916","France","Jan","FRA","5.8516","25.7655"
"1916","France","Feb","FRA","4.4476","109.271"
"1916","France","Mar","FRA","5.78879","79.7144"
"1916","France","Apr","FRA","9.38959","70.9901"
"1916","France","May","FRA","13.6868","61.1108"
"1916","France","Jun","FRA","13.8934","62.4318"
"1916","France","Jul","FRA","17.3014","66.9133"
"1916","France","Aug","FRA","18.1498","65.5876"
"1916","France","Sep","FRA","14.0999","83.9882"
"1916","France","Oct","FRA","11.1638","87.3885"
"1916","France","Nov","FRA","6.6701","97.4906"
"1916","France","Dec","FRA","4.03581","118.471"
"1917","France","Jan","FRA","0.77647","56.6533"
"1917","France","Feb","FRA","0.80219","30.269"
"1917","France","Mar","FRA","4.02994","83.3538"
"1917","France","Apr","FRA","6.45257","58.6023"
"1917","France","May","FRA","15.137","101.52"
"1917","France","Jun","FRA","17.8295","90.2719"
"1917","France","Jul","FRA","18.2188","68.3073"
"1917","France","Aug","FRA","17.1291","87.0655"
"1917","France","Sep","FRA","16.4579","40.2815"
"1917","France","Oct","FRA","9.25029","115.942"
"1917","France","Nov","FRA","6.77442","45.8893"
"1917","France","Dec","FRA","0.48371","59.0147"
"1918","France","Jan","FRA","3.19499","51.9221"
"1918","France","Feb","FRA","4.71841","19.8551"
"1918","France","Mar","FRA","6.10948","54.4613"
"1918","France","Apr","FRA","8.4346","99.0888"
"1918","France","May","FRA","14.186","69.4461"
"1918","France","Jun","FRA","14.7203","53.3464"
"1918","France","Jul","FRA","17.9992","45.4926"
"1918","France","Aug","FRA","18.0384","35.5811"
"1918","France","Sep","FRA","15.343","104.013"
"1918","France","Oct","FRA","9.4646","72.4133"
"1918","France","Nov","FRA","5.98705","76.2801"
"1918","France","Dec","FRA","6.24992","90.3744"
"1919","France","Jan","FRA","3.04176","93.9121"
"1919","France","Feb","FRA","3.25413","92.3153"
"1919","France","Mar","FRA","5.92995","102.611"
"1919","France","Apr","FRA","7.3717","67.672"
"1919","France","May","FRA","13.5303","38.5198"
"1919","France","Jun","FRA","16.4556","34.5315"
"1919","France","Jul","FRA","15.6985","65.4949"
"1919","France","Aug","FRA","19.0803","26.9549"
"1919","France","Sep","FRA","16.3896","62.0683"
"1919","France","Oct","FRA","8.10552","71.5797"
"1919","France","Nov","FRA","4.11592","117.854"
"1919","France","Dec","FRA","4.82435","92.1091"
"1920","France","Jan","FRA","4.97898","78.3903"
"1920","France","Feb","FRA","5.91343","18.452"
"1920","France","Mar","FRA","8.00474","84.129"
"1920","France","Apr","FRA","9.79366","81.0089"
"1920","France","May","FRA","14.7209","53.1191"
"1920","France","Jun","FRA","16.0687","64.1316"
"1920","France","Jul","FRA","17.5972","74.9124"
"1920","France","Aug","FRA","16.3969","42.0372"
"1920","France","Sep","FRA","15.0788","85.985"
"1920","France","Oct","FRA","11.0973","85.4478"
"1920","France","Nov","FRA","5.19592","49.8444"
"1920","France","Dec","FRA","3.42809","52.8215"
"1921","France","Jan","FRA","6.08248","43.6327"
"1921","France","Feb","FRA","3.92032","24.9139"
"1921","France","Mar","FRA","7.06984","29.9046"
"1921","France","Apr","FRA","8.78922","40.2812"
"1921","France","May","FRA","13.7546","82.7867"
"1921","France","Jun","FRA","16.9261","37.8988"
"1921","France","Jul","FRA","20.7151","26.409"
"1921","France","Aug","FRA","18.1725","84.7439"
"1921","France","Sep","FRA","16.877","44.6284"
"1921","France","Oct","FRA","14.1098","20.5627"
"1921","France","Nov","FRA","4.12717","35.6022"
"1921","France","Dec","FRA","3.92298","44.735"
"1922","France","Jan","FRA","2.81722","91.6812"
"1922","France","Feb","FRA","4.12695","58.2314"
"1922","France","Mar","FRA","6.53186","83.3806"
"1922","France","Apr","FRA","7.83452","128.413"
"1922","France","May","FRA","14.9248","34.8679"
"1922","France","Jun","FRA","16.4745","75.4457"
"1922","France","Jul","FRA","16.7105","67.6935"
"1922","France","Aug","FRA","17.1858","76.3576"
"1922","France","Sep","FRA","13.4201","72.9303"
"1922","France","Oct","FRA","9.06309","68.028"
"1922","France","Nov","FRA","5.00639","62.3952"
"1922","France","Dec","FRA","4.08128","90.0951"
"1923","France","Jan","FRA","3.26728","45.301"
"1923","France","Feb","FRA","5.97837","91.5894"
"1923","France","Mar","FRA","7.40718","65.5451"
"1923","France","Apr","FRA","9.33641","85.5917"
"1923","France","May","FRA","12.3175","85.6253"
"1923","France","Jun","FRA","13.5921","29.8838"
"1923","France","Jul","FRA","20.2251","37.7918"
"1923","France","Aug","FRA","18.9166","44.3453"
"1923","France","Sep","FRA","15.0642","62.9686"
"1923","France","Oct","FRA","12.56","116.938"
"1923","France","Nov","FRA","5.28592","110.874"
"1923","France","Dec","FRA","3.38122","109.331"
"1924","France","Jan","FRA","3.12158","57.3934"
"1924","France","Feb","FRA","1.84699","38.004"
"1924","France","Mar","FRA","6.16971","65.9855"
"1924","France","Apr","FRA","9.19999","65.148"
"1924","France","May","FRA","14.3014","61.0641"
"1924","France","Jun","FRA","16.1324","60.948"
"1924","France","Jul","FRA","18.2188","73.2166"
"1924","France","Aug","FRA","15.6835","83.6847"
"1924","France","Sep","FRA","15.3478","86.0975"
"1924","France","Oct","FRA","11.5869","84.6279"
"1924","France","Nov","FRA","6.83529","60.1097"
"1924","France","Dec","FRA","4.06535","52.0976"
"1925","France","Jan","FRA","4.49643","38.2237"
"1925","France","Feb","FRA","5.41844","73.0364"
"1925","France","Mar","FRA","3.8966","46.5239"
"1925","France","Apr","FRA","9.08605","80.2155"
"1925","France","May","FRA","12.9226","94.393"
"1925","France","Jun","FRA","16.941","22.7191"
"1925","France","Jul","FRA","17.9864","97.9694"
"1925","France","Aug","FRA","17.6927","88.052"
"1925","France","Sep","FRA","13.3643","65.5131"
"1925","France","Oct","FRA","11.5743","67.003"
"1925","France","Nov","FRA","4.5741","73.9035"
"1925","France","Dec","FRA","3.51963","89.5934"
"1926","France","Jan","FRA","3.58189","76.7673"
"1926","France","Feb","FRA","7.93071","71.0274"
"1926","France","Mar","FRA","7.09341","51.4753"
"1926","France","Apr","FRA","10.397","76.018"
"1926","France","May","FRA","11.4054","108.6"
"1926","France","Jun","FRA","14.46","83.9509"
"1926","France","Jul","FRA","18.1131","49.4927"
"1926","France","Aug","FRA","18.522","37.7694"
"1926","France","Sep","FRA","17.4232","38.8981"
"1926","France","Oct","FRA","11.6774","108.89"
"1926","France","Nov","FRA","8.1935","129.493"
"1926","France","Dec","FRA","2.09356","26.4101"
"1927","France","Jan","FRA","3.9645","66.4312"
"1927","France","Feb","FRA","4.05972","50.0546"
"1927","France","Mar","FRA","7.54798","113.578"
"1927","France","Apr","FRA","9.84333","51.3624"
"1927","France","May","FRA","13.6779","59.4753"
"1927","France","Jun","FRA","15.7979","80.625"
"1927","France","Jul","FRA","18.0233","91.2542"
"1927","France","Aug","FRA","17.6199","104.398"
"1927","France","Sep","FRA","15.1944","103.581"
"1927","France","Oct","FRA","11.2361","33.5616"
"1927","France","Nov","FRA","6.44834","81.3509"
"1927","France","Dec","FRA","2.65561","87.956"
"1928","France","Jan","FRA","4.5973","70.6113"
"1928","France","Feb","FRA","5.95223","62.639"
"1928","France","Mar","FRA","6.97679","90.8627"
"1928","France","Apr","FRA","9.27789","98.721"
"1928","France","May","FRA","11.4519","70.4384"
"1928","France","Jun","FRA","16.0907","51.8406"
"1928","France","Jul","FRA","20.6173","20.3368"
"1928","France","Aug","FRA","19.2621","56.9027"
"1928","France","Sep","FRA","15.652","47.8291"
"1928","France","Oct","FRA","11.3377","127.826"
"1928","France","Nov","FRA","7.86358","112.02"
"1928","France","Dec","FRA","3.25907","60.6539"
"1929","France","Jan","FRA","-0.1651","28.3848"
"1929","France","Feb","FRA","-0.5791","31.6684"
"1929","France","Mar","FRA","6.30484","6.28321"
"1929","France","Apr","FRA","7.62063","48.7058"
"1929","France","May","FRA","13.1976","67.2072"
"1929","France","Jun","FRA","16.4023","66.6938"
"1929","France","Jul","FRA","19.1411","59.8285"
"1929","France","Aug","FRA","18.03","46.7475"
"1929","France","Sep","FRA","18.2229","36.6226"
"1929","France","Oct","FRA","11.536","116.623"
"1929","France","Nov","FRA","7.07798","77.9868"
"1929","France","Dec","FRA","6.10002","106.103"
"1930","France","Jan","FRA","5.48726","82.2318"
"1930","France","Feb","FRA","3.06499","54.072"
"1930","France","Mar","FRA","6.92931","78.8357"
"1930","France","Apr","FRA","9.68559","79.7576"
"1930","France","May","FRA","12.0292","96.6125"
"1930","France","Jun","FRA","17.9059","86.0494"
"1930","France","Jul","FRA","17.2268","103.113"
"1930","France","Aug","FRA","18.023","61.5145"
"1930","France","Sep","FRA","15.9197","85.9368"
"1930","France","Oct","FRA","11.8689","114.123"
"1930","France","Nov","FRA","8.50297","116.824"
"1930","France","Dec","FRA","4.08869","81.4053"
"1931","France","Jan","FRA","3.45453","75.606"
"1931","France","Feb","FRA","2.89195","64.6243"
"1931","France","Mar","FRA","5.35012","77.8756"
"1931","France","Apr","FRA","8.62003","62.6318"
"1931","France","May","FRA","13.9491","93.4258"
"1931","France","Jun","FRA","17.7149","38.5394"
"1931","France","Jul","FRA","17.6101","79.8784"
"1931","France","Aug","FRA","16.9111","122.393"
"1931","France","Sep","FRA","12.4615","62.2374"
"1931","France","Oct","FRA","10.371","67.2279"
"1931","France","Nov","FRA","7.87052","99.8741"
"1931","France","Dec","FRA","2.56607","39.0991"
"1932","France","Jan","FRA","4.19089","51.6097"
"1932","France","Feb","FRA","0.74367","10.3398"
"1932","France","Mar","FRA","5.22212","74.087"
"1932","France","Apr","FRA","7.92511","87.3052"
"1932","France","May","FRA","12.0475","102.151"
"1932","France","Jun","FRA","15.6307","82.432"
"1932","France","Jul","FRA","17.2185","109.999"
"1932","France","Aug","FRA","20.3541","57.9208"
"1932","France","Sep","FRA","17.3009","96.7729"
"1932","France","Oct","FRA","10.9972","103.733"
"1932","France","Nov","FRA","7.15732","46.0666"
"1932","France","Dec","FRA","4.67967","64.7761"
"1933","France","Jan","FRA","1.35415","36.5757"
"1933","France","Feb","FRA","3.83172","50.528"
"1933","France","Mar","FRA","7.67534","58.6515"
"1933","France","Apr","FRA","9.93661","33.95"
"1933","France","May","FRA","12.877","69.3535"
"1933","France","Jun","FRA","14.9829","89.6299"
"1933","France","Jul","FRA","19.3592","37.9534"
"1933","France","Aug","FRA","20.0371","30.7778"
"1933","France","Sep","FRA","16.7061","112.661"
"1933","France","Oct","FRA","11.7678","94.5021"
"1933","France","Nov","FRA","5.19331","74.7138"
"1933","France","Dec","FRA","-0.7987","49.9738"
"1934","France","Jan","FRA","2.86651","50.28"
"1934","France","Feb","FRA","2.6844","17.0558"
"1934","France","Mar","FRA","6.04805","82.4284"
"1934","France","Apr","FRA","10.5041","89.7236"
"1934","France","May","FRA","13.9112","33.3239"
"1934","France","Jun","FRA","17.0645","59.136"
"1934","France","Jul","FRA","19.8772","34.0702"
"1934","France","Aug","FRA","17.4132","83.7025"
"1934","France","Sep","FRA","17.0428","47.1373"
"1934","France","Oct","FRA","11.7448","61.8568"
"1934","France","Nov","FRA","5.34531","113.184"
"1934","France","Dec","FRA","7.28389","120.122"
"1935","France","Jan","FRA","2.03243","43.3892"
"1935","France","Feb","FRA","4.92113","84.4627"
"1935","France","Mar","FRA","5.97415","53.5723"
"1935","France","Apr","FRA","8.95315","82.9123"
"1935","France","May","FRA","11.3612","73.371"
"1935","France","Jun","FRA","17.4207","61.2713"
"1935","France","Jul","FRA","19.547","31.2136"
"1935","France","Aug","FRA","18.0064","87.4145"
"1935","France","Sep","FRA","16.1143","68.6264"
"1935","France","Oct","FRA","10.65","97.995"
"1935","France","Nov","FRA","7.05492","123.988"
"1935","France","Dec","FRA","3.48592","134.634"
"1936","France","Jan","FRA","6.35691","126.163"
"1936","France","Feb","FRA","4.30824","79.3573"
"1936","France","Mar","FRA","7.77347","66.7407"
"1936","France","Apr","FRA","8.18632","90.809"
"1936","France","May","FRA","13.2215","59.2957"
"1936","France","Jun","FRA","16.1021","83.9786"
"1936","France","Jul","FRA","17.2284","105.418"
"1936","France","Aug","FRA","18.0471","35.9095"
"1936","France","Sep","FRA","15.9434","86.3094"
"1936","France","Oct","FRA","8.67564","44.2411"
"1936","France","Nov","FRA","6.42607","76.3859"
"1936","France","Dec","FRA","3.96238","38.5508"
"1937","France","Jan","FRA","4.95735","83.5588"
"1937","France","Feb","FRA","6.67672","107.378"
"1937","France","Mar","FRA","5.37187","119.079"
"1937","France","Apr","FRA","9.68438","80.2778"
"1937","France","May","FRA","14.2132","79.7445"
"1937","France","Jun","FRA","16.7464","73.719"
"1937","France","Jul","FRA","18.7256","25.7017"
"1937","France","Aug","FRA","19.0196","44.0322"
"1937","France","Sep","FRA","15.4125","82.9253"
"1937","France","Oct","FRA","11.6116","85.1782"
"1937","France","Nov","FRA","6.01571","57.3968"
"1937","France","Dec","FRA","2.74796","80.8171"
"1938","France","Jan","FRA","3.96166","79.3888"
"1938","France","Feb","FRA","3.48815","25.6413"
"1938","France","Mar","FRA","8.62334","12.7596"
"1938","France","Apr","FRA","7.51943","12.4664"
"1938","France","May","FRA","11.5117","83.2545"
"1938","France","Jun","FRA","16.9964","49.8359"
"1938","France","Jul","FRA","17.5859","71.6084"
"1938","France","Aug","FRA","18.1424","78.2588"
"1938","France","Sep","FRA","15.7306","85.4697"
"1938","France","Oct","FRA","11.2186","68.1052"
"1938","France","Nov","FRA","9.18359","81.9262"
"1938","France","Dec","FRA","2.12894","82.7845"
"1939","France","Jan","FRA","5.17423","102.907"
"1939","France","Feb","FRA","4.44042","46.1922"
"1939","France","Mar","FRA","5.06336","61.7204"
"1939","France","Apr","FRA","10.1617","74.4679"
"1939","France","May","FRA","11.2267","69.2802"
"1939","France","Jun","FRA","16.4432","81.4449"
"1939","France","Jul","FRA","17.2661","65.7882"
"1939","France","Aug","FRA","18.0538","89.3132"
"1939","France","Sep","FRA","15.1951","65.4197"
"1939","France","Oct","FRA","10.2509","140.283"
"1939","France","Nov","FRA","8.65508","93.5717"
"1939","France","Dec","FRA","2.37715","70.1138"
"1940","France","Jan","FRA","-1.5328","58.1552"
"1940","France","Feb","FRA","4.00966","63.6455"
"1940","France","Mar","FRA","6.90854","57.7055"
"1940","France","Apr","FRA","9.61112","84.0595"
"1940","France","May","FRA","13.3172","67.6376"
"1940","France","Jun","FRA","16.6817","75.3762"
"1940","France","Jul","FRA","17.0303","89.7088"
"1940","France","Aug","FRA","17.2018","29.5059"
"1940","France","Sep","FRA","15.4944","97.0168"
"1940","France","Oct","FRA","10.4938","92.1075"
"1940","France","Nov","FRA","7.40262","97.452"
"1940","France","Dec","FRA","0.49581","78.7793"
"1941","France","Jan","FRA","0.34998","104.533"
"1941","France","Feb","FRA","4.16143","88.3988"
"1941","France","Mar","FRA","7.07564","63.4778"
"1941","France","Apr","FRA","7.99755","64.3668"
"1941","France","May","FRA","10.1148","85.1064"
"1941","France","Jun","FRA","16.7048","87.6757"
"1941","France","Jul","FRA","19.264","62.4496"
"1941","France","Aug","FRA","16.7978","102.804"
"1941","France","Sep","FRA","15.2557","53.8032"
"1941","France","Oct","FRA","10.6382","49.7335"
"1941","France","Nov","FRA","6.14648","83.7934"
"1941","France","Dec","FRA","3.30894","38.3461"
"1942","France","Jan","FRA","-0.9471","83.2349"
"1942","France","Feb","FRA","-0.5676","37.8722"
"1942","France","Mar","FRA","7.39531","62.0706"
"1942","France","Apr","FRA","10.4209","60.2834"
"1942","France","May","FRA","13.1126","73.5353"
"1942","France","Jun","FRA","16.7053","57.2422"
"1942","France","Jul","FRA","18.0664","53.9325"
"1942","France","Aug","FRA","18.7457","55.714"
"1942","France","Sep","FRA","16.8882","92.0972"
"1942","France","Oct","FRA","13.2316","85.8223"
"1942","France","Nov","FRA","5.3972","37.2429"
"1942","France","Dec","FRA","4.38092","69.684"
"1943","France","Jan","FRA","4.5777","83.9641"
"1943","France","Feb","FRA","5.1629","35.9274"
"1943","France","Mar","FRA","7.87022","30.2072"
"1943","France","Apr","FRA","11.4099","35.4601"
"1943","France","May","FRA","14.2245","73.4442"
"1943","France","Jun","FRA","16.3244","46.5417"
"1943","France","Jul","FRA","19.1443","60.2364"
"1943","France","Aug","FRA","19.353","62.1783"
"1943","France","Sep","FRA","15.9257","94.4735"
"1943","France","Oct","FRA","12.5973","71.4855"
"1943","France","Nov","FRA","5.71022","86.8538"
"1943","France","Dec","FRA","3.27165","64.3767"
"1944","France","Jan","FRA","4.4699","35.0631"
"1944","France","Feb","FRA","1.82841","57.3107"
"1944","France","Mar","FRA","4.71397","14.8335"
"1944","France","Apr","FRA","11.0893","50.7373"
"1944","France","May","FRA","13.1992","32.2663"
"1944","France","Jun","FRA","15.8025","59.1572"
"1944","France","Jul","FRA","18.4187","70.289"
"1944","France","Aug","FRA","20.9215","71.9503"
"1944","France","Sep","FRA","15.0565","89.0981"
"1944","France","Oct","FRA","10.1485","110.524"
"1944","France","Nov","FRA","6.88136","110.769"
"1944","France","Dec","FRA","3.10275","86.0232"
"1945","France","Jan","FRA","-1.4558","69.4218"
"1945","France","Feb","FRA","6.52761","39.6146"
"1945","France","Mar","FRA","8.09999","30.0222"
"1945","France","Apr","FRA","11.8172","30.0516"
"1945","France","May","FRA","14.9659","77.4544"
"1945","France","Jun","FRA","17.7959","32.7219"
"1945","France","Jul","FRA","20.1305","34.5976"
"1945","France","Aug","FRA","18.1528","81.863"
"1945","France","Sep","FRA","16.6498","57.2539"
"1945","France","Oct","FRA","12.252","50.0303"
"1945","France","Nov","FRA","6.08008","34.661"
"1945","France","Dec","FRA","4.4983","101.923"
"1946","France","Jan","FRA","1.3429","46.5505"
"1946","France","Feb","FRA","6.16659","64.8261"
"1946","France","Mar","FRA","6.63696","47.6934"
"1946","France","Apr","FRA","11.2175","59.0875"
"1946","France","May","FRA","13.1462","106.259"
"1946","France","Jun","FRA","15.721","74.8517"
"1946","France","Jul","FRA","19.0879","32.8071"
"1946","France","Aug","FRA","17.8685","80.2335"
"1946","France","Sep","FRA","16.3313","50.1321"
"1946","France","Oct","FRA","10.9886","50.9828"
"1946","France","Nov","FRA","6.80378","61.3785"
"1946","France","Dec","FRA","1.57223","69.7103"
"1947","France","Jan","FRA","0.61968","48.2059"
"1947","France","Feb","FRA","1.11316","76.6085"
"1947","France","Mar","FRA","7.08789","102.128"
"1947","France","Apr","FRA","11.3049","33.543"
"1947","France","May","FRA","14.8733","57.038"
"1947","France","Jun","FRA","18.1876","52.8612"
"1947","France","Jul","FRA","20.4532","48.523"
"1947","France","Aug","FRA","21.1644","55.86"
"1947","France","Sep","FRA","17.8261","51.9006"
"1947","France","Oct","FRA","11.9209","54.3176"
"1947","France","Nov","FRA","8.31532","73.4034"
"1947","France","Dec","FRA","3.64199","88.3364"
"1948","France","Jan","FRA","5.78311","123.593"
"1948","France","Feb","FRA","4.25492","31.7887"
"1948","France","Mar","FRA","9.35983","28.1906"
"1948","France","Apr","FRA","10.347","80.2106"
"1948","France","May","FRA","13.9525","85.2433"
"1948","France","Jun","FRA","15.9181","70.8386"
"1948","France","Jul","FRA","16.982","55.6142"
"1948","France","Aug","FRA","17.9728","89.2642"
"1948","France","Sep","FRA","15.3658","66.4406"
"1948","France","Oct","FRA","11.4017","48.3262"
"1948","France","Nov","FRA","6.85023","38.8439"
"1948","France","Dec","FRA","4.3165","53.6427"
"1949","France","Jan","FRA","3.96348","35.8718"
"1949","France","Feb","FRA","4.32991","15.594"
"1949","France","Mar","FRA","5.37169","45.144"
"1949","France","Apr","FRA","11.8822","38.8846"
"1949","France","May","FRA","11.9545","93.2593"
"1949","France","Jun","FRA","16.5423","35.3776"
"1949","France","Jul","FRA","20.3286","18.2613"
"1949","France","Aug","FRA","19.6337","43.9241"
"1949","France","Sep","FRA","19.0469","69.8167"
"1949","France","Oct","FRA","13.3311","61.6876"
"1949","France","Nov","FRA","6.17987","112.328"
"1949","France","Dec","FRA","4.93218","64.3679"
"1950","France","Jan","FRA","2.46377","33.8604"
"1950","France","Feb","FRA","6.28442","91.7067"
"1950","France","Mar","FRA","7.45004","32.3088"
"1950","France","Apr","FRA","8.40796","70.2726"
"1950","France","May","FRA","14.1103","68.1093"
"1950","France","Jun","FRA","18.6191","46.4319"
"1950","France","Jul","FRA","20.318","46.8158"
"1950","France","Aug","FRA","18.8897","85.1961"
"1950","France","Sep","FRA","15.1361","70.5739"
"1950","France","Oct","FRA","11.1185","39.5662"
"1950","France","Nov","FRA","7.38157","122.309"
"1950","France","Dec","FRA","1.05209","90.9517"
"1951","France","Jan","FRA","4.44043","71.1407"
"1951","France","Feb","FRA","4.61018","96.166"
"1951","France","Mar","FRA","5.68586","90.5294"
"1951","France","Apr","FRA","8.97232","57.0734"
"1951","France","May","FRA","11.5678","116.858"
"1951","France","Jun","FRA","15.9865","98.7193"
"1951","France","Jul","FRA","18.4732","50.0362"
"1951","France","Aug","FRA","17.4106","101.373"
"1951","France","Sep","FRA","16.4471","69.0705"
"1951","France","Oct","FRA","10.2892","62.6311"
"1951","France","Nov","FRA","8.56253","125.168"
"1951","France","Dec","FRA","4.24512","55.9086"
"1952","France","Jan","FRA","2.29518","83.463"
"1952","France","Feb","FRA","2.37322","48.715"
"1952","France","Mar","FRA","8.02722","77.4075"
"1952","France","Apr","FRA","11.0485","43.9744"
"1952","France","May","FRA","14.4505","54.3742"
"1952","France","Jun","FRA","17.9756","35.8774"
"1952","France","Jul","FRA","20.3787","32.9987"
"1952","France","Aug","FRA","19.0654","81.1756"
"1952","France","Sep","FRA","13.2098","102.069"
"1952","France","Oct","FRA","11.0133","113.737"
"1952","France","Nov","FRA","5.47153","112.265"
"1952","France","Dec","FRA","3.41569","107.542"
"1953","France","Jan","FRA","0.33715","18.2457"
"1953","France","Feb","FRA","2.42794","35.4874"
"1953","France","Mar","FRA","7.24156","6.47304"
"1953","France","Apr","FRA","10.0706","57.8147"
"1953","France","May","FRA","14.8404","38.7869"
"1953","France","Jun","FRA","15.3028","113.568"
"1953","France","Jul","FRA","18.0062","69.7746"
"1953","France","Aug","FRA","18.8684","37.549"
"1953","France","Sep","FRA","16.2318","90.2548"
"1953","France","Oct","FRA","12.1315","72.1553"
"1953","France","Nov","FRA","6.18344","22.7574"
"1953","France","Dec","FRA","6.69521","35.5833"
"1954","France","Jan","FRA","1.31611","45.9521"
"1954","France","Feb","FRA","1.74272","62.3491"
"1954","France","Mar","FRA","7.41857","74.6984"
"1954","France","Apr","FRA","8.38365","42.7904"
"1954","France","May","FRA","12.4052","65.8643"
"1954","France","Jun","FRA","16.1051","57.9451"
"1954","France","Jul","FRA","16.5489","53.1109"
"1954","France","Aug","FRA","16.9219","109.609"
"1954","France","Sep","FRA","15.625","79.1602"
"1954","France","Oct","FRA","12.2154","53.7354"
"1954","France","Nov","FRA","7.9103","66.6116"
"1954","France","Dec","FRA","5.90996","80.5585"
"1955","France","Jan","FRA","4.41817","138.325"
"1955","France","Feb","FRA","3.54253","97.7268"
"1955","France","Mar","FRA","4.43205","32.8413"
"1955","France","Apr","FRA","10.2046","7.06524"
"1955","France","May","FRA","12.5086","60.7097"
"1955","France","Jun","FRA","16.3936","101.071"
"1955","France","Jul","FRA","19.1051","65.0951"
"1955","France","Aug","FRA","19.1059","43.5696"
"1955","France","Sep","FRA","15.6707","50.386"
"1955","France","Oct","FRA","10.1937","59.6676"
"1955","France","Nov","FRA","6.17154","44.6897"
"1955","France","Dec","FRA","6.14657","94.1977"
"1956","France","Jan","FRA","4.12133","80.0701"
"1956","France","Feb","FRA","-1.1354","23.1475"
"1956","France","Mar","FRA","6.59378","56.6697"
"1956","France","Apr","FRA","7.96346","69.1434"
"1956","France","May","FRA","13.795","63.1748"
"1956","France","Jun","FRA","14.2942","58.3176"
"1956","France","Jul","FRA","17.6842","82.4611"
"1956","France","Aug","FRA","16.3915","97.4649"
"1956","France","Sep","FRA","16.4924","93.8229"
"1956","France","Oct","FRA","10.4308","61.3855"
"1956","France","Nov","FRA","4.89545","44.2951"
"1956","France","Dec","FRA","4.84522","45.216"
"1957","France","Jan","FRA","2.23375","34.7416"
"1957","France","Feb","FRA","6.79652","114.303"
"1957","France","Mar","FRA","9.54157","35.9831"
"1957","France","Apr","FRA","9.45349","55.5133"
"1957","France","May","FRA","11.2989","59.6161"
"1957","France","Jun","FRA","16.7021","108.147"
"1957","France","Jul","FRA","18.5359","66.7874"
"1957","France","Aug","FRA","17.4545","61.6825"
"1957","France","Sep","FRA","15.1137","69.2044"
"1957","France","Oct","FRA","11.4249","33.8365"
"1957","France","Nov","FRA","6.30985","64.5001"
"1957","France","Dec","FRA","3.20956","69.8904"
"1958","France","Jan","FRA","3.45422","87.119"
"1958","France","Feb","FRA","5.92226","77.1468"
"1958","France","Mar","FRA","4.74139","66.708"
"1958","France","Apr","FRA","7.70076","52.4569"
"1958","France","May","FRA","13.9414","85.7793"
"1958","France","Jun","FRA","15.552","88.2746"
"1958","France","Jul","FRA","17.9302","73.8758"
"1958","France","Aug","FRA","18.4099","86.2681"
"1958","France","Sep","FRA","17.3856","78.3992"
"1958","France","Oct","FRA","11.1948","66.4952"
"1958","France","Nov","FRA","6.29798","68.0306"
"1958","France","Dec","FRA","5.06795","115.01"
"1959","France","Jan","FRA","3.14509","75.8125"
"1959","France","Feb","FRA","4.0035","20.1695"
"1959","France","Mar","FRA","8.46803","82.3395"
"1959","France","Apr","FRA","10.0941","88.7349"
"1959","France","May","FRA","13.7875","49.6608"
"1959","France","Jun","FRA","17.0557","64.733"
"1959","France","Jul","FRA","20.4871","30.9002"
"1959","France","Aug","FRA","18.91","63.4209"
"1959","France","Sep","FRA","17.1892","49.8981"
"1959","France","Oct","FRA","11.9216","92.604"
"1959","France","Nov","FRA","6.46558","74.5361"
"1959","France","Dec","FRA","5.71349","127.602"
"1960","France","Jan","FRA","3.1292","70.7891"
"1960","France","Feb","FRA","4.74703","72.3629"
"1960","France","Mar","FRA","7.98201","83.3964"
"1960","France","Apr","FRA","9.5378","22.9467"
"1960","France","May","FRA","14.5766","54.325"
"1960","France","Jun","FRA","17.6754","68.9428"
"1960","France","Jul","FRA","16.8179","85.2768"
"1960","France","Aug","FRA","17.3068","106.307"
"1960","France","Sep","FRA","14.344","109.078"
"1960","France","Oct","FRA","11.0475","163.311"
"1960","France","Nov","FRA","8.23086","104.359"
"1960","France","Dec","FRA","3.04732","98.6424"
"1961","France","Jan","FRA","3.16961","95.1072"
"1961","France","Feb","FRA","7.34383","47.2175"
"1961","France","Mar","FRA","8.07103","7.17757"
"1961","France","Apr","FRA","11.7598","82.6658"
"1961","France","May","FRA","12.5315","60.1019"
"1961","France","Jun","FRA","16.7146","56.038"
"1961","France","Jul","FRA","17.7418","59.8399"
"1961","France","Aug","FRA","17.8555","31.0565"
"1961","France","Sep","FRA","18.5682","54.1774"
"1961","France","Oct","FRA","12.2888","100.482"
"1961","France","Nov","FRA","6.19707","98.5174"
"1961","France","Dec","FRA","4.35235","82.4064"
"1962","France","Jan","FRA","4.69997","85.0691"
"1962","France","Feb","FRA","3.43905","54.2914"
"1962","France","Mar","FRA","3.82236","83.0121"
"1962","France","Apr","FRA","9.08865","67.4713"
"1962","France","May","FRA","11.5158","72.5632"
"1962","France","Jun","FRA","15.8442","25.7672"
"1962","France","Jul","FRA","17.6795","42.3111"
"1962","France","Aug","FRA","18.7108","33.0498"
"1962","France","Sep","FRA","15.4448","65.8301"
"1962","France","Oct","FRA","11.7763","50.3938"
"1962","France","Nov","FRA","5.01708","99.5098"
"1962","France","Dec","FRA","0.91417","78.1935"
"1963","France","Jan","FRA","-1.7497","50.191"
"1963","France","Feb","FRA","-0.609","57.0551"
"1963","France","Mar","FRA","6.29772","77.9745"
"1963","France","Apr","FRA","9.63992","70.167"
"1963","France","May","FRA","12.1601","54.6574"
"1963","France","Jun","FRA","15.7891","111.306"
"1963","France","Jul","FRA","18.5954","49.0979"
"1963","France","Aug","FRA","16.4073","133.627"
"1963","France","Sep","FRA","15.0938","75.8211"
"1963","France","Oct","FRA","11.1728","43.5201"
"1963","France","Nov","FRA","9.19442","116.809"
"1963","France","Dec","FRA","0.89365","35.3331"
"1964","France","Jan","FRA","0.67696","21.4306"
"1964","France","Feb","FRA","5.04595","65.835"
"1964","France","Mar","FRA","5.39934","88.5565"
"1964","France","Apr","FRA","9.56292","67.5621"
"1964","France","May","FRA","14.5938","67.6559"
"1964","France","Jun","FRA","16.9058","52.4468"
"1964","France","Jul","FRA","19.7614","32.4477"
"1964","France","Aug","FRA","18.2525","56.8417"
"1964","France","Sep","FRA","16.7165","63.8476"
"1964","France","Oct","FRA","9.54793","82.913"
"1964","France","Nov","FRA","6.79665","56.6421"
"1964","France","Dec","FRA","2.80064","65.1922"
"1965","France","Jan","FRA","3.39792","96.2648"
"1965","France","Feb","FRA","1.32532","15.7785"
"1965","France","Mar","FRA","6.46908","82.2613"
"1965","France","Apr","FRA","8.67083","53.0118"
"1965","France","May","FRA","12.7091","72.5456"
"1965","France","Jun","FRA","16.1955","55.5447"
"1965","France","Jul","FRA","16.7105","75.241"
"1965","France","Aug","FRA","17.0563","89.4343"
"1965","France","Sep","FRA","13.6086","151.336"
"1965","France","Oct","FRA","12.009","46.3045"
"1965","France","Nov","FRA","6.26721","115.517"
"1965","France","Dec","FRA","5.64021","135.913"
"1966","France","Jan","FRA","2.25897","74.9784"
"1966","France","Feb","FRA","7.74801","99.9486"
"1966","France","Mar","FRA","5.9979","34.8155"
"1966","France","Apr","FRA","10.4911","93.9467"
"1966","France","May","FRA","13.1363","67.2058"
"1966","France","Jun","FRA","17.0347","66.7875"
"1966","France","Jul","FRA","16.7447","65.5057"
"1966","France","Aug","FRA","17.109","71.5726"
"1966","France","Sep","FRA","16.4977","35.2415"
"1966","France","Oct","FRA","12.7616","139.097"
"1966","France","Nov","FRA","4.81994","98.2949"
"1966","France","Dec","FRA","5.1355","101.526"
"1967","France","Jan","FRA","3.08599","43.2671"
"1967","France","Feb","FRA","5.21843","60.2825"
"1967","France","Mar","FRA","7.62006","52.3761"
"1967","France","Apr","FRA","8.75218","33.8549"
"1967","France","May","FRA","12.4134","91.9233"
"1967","France","Jun","FRA","15.5087","38.6382"
"1967","France","Jul","FRA","19.9125","29.4191"
"1967","France","Aug","FRA","18.1002","59.183"
"1967","France","Sep","FRA","15.2547","80.959"
"1967","France","Oct","FRA","13.2753","74.8547"
"1967","France","Nov","FRA","6.84544","96.733"
"1967","France","Dec","FRA","2.40142","64.003"
"1968","France","Jan","FRA","3.0022","73.8478"
"1968","France","Feb","FRA","4.21842","81.111"
"1968","France","Mar","FRA","6.67803","38.035"
"1968","France","Apr","FRA","9.8242","67.4207"
"1968","France","May","FRA","11.6806","90.0536"
"1968","France","Jun","FRA","15.815","64.4563"
"1968","France","Jul","FRA","17.8029","62.5473"
"1968","France","Aug","FRA","17.1487","111.401"
"1968","France","Sep","FRA","15.0464","118.315"
"1968","France","Oct","FRA","13.3058","49.0404"
"1968","France","Nov","FRA","6.5108","76.7006"
"1968","France","Dec","FRA","2.98668","79.998"
"1969","France","Jan","FRA","4.41502","59.7846"
"1969","France","Feb","FRA","2.00534","57.4695"
"1969","France","Mar","FRA","6.24188","84.4429"
"1969","France","Apr","FRA","9.1817","78.2433"
"1969","France","May","FRA","13.1519","92.2836"
"1969","France","Jun","FRA","14.8245","79.6697"
"1969","France","Jul","FRA","19.1876","51.0351"
"1969","France","Aug","FRA","18.0896","64.8971"
"1969","France","Sep","FRA","15.6971","82.0602"
"1969","France","Oct","FRA","12.6245","17.3281"
"1969","France","Nov","FRA","6.88228","102.583"
"1969","France","Dec","FRA","0.96551","70.1934"
"1970","France","Jan","FRA","3.81423","82.8848"
"1970","France","Feb","FRA","4.33924","107.146"
"1970","France","Mar","FRA","4.23706","66.9228"
"1970","France","Apr","FRA","7.55829","67.4081"
"1970","France","May","FRA","12.8372","58.1469"
"1970","France","Jun","FRA","17.6695","82.147"
"1970","France","Jul","FRA","17.8412","38.3501"
"1970","France","Aug","FRA","18.3273","69.9569"
"1970","France","Sep","FRA","16.5509","38.7336"
"1970","France","Oct","FRA","10.9579","75.1919"
"1970","France","Nov","FRA","8.45609","83.3581"
"1970","France","Dec","FRA","2.14766","46.5781"
"1971","France","Jan","FRA","2.66371","81.8201"
"1971","France","Feb","FRA","3.90981","33.7612"
"1971","France","Mar","FRA","3.55274","69.6079"
"1971","France","Apr","FRA","10.62","66.3639"
"1971","France","May","FRA","13.7324","95.7075"
"1971","France","Jun","FRA","14.839","94.349"
"1971","France","Jul","FRA","19.7402","55.0168"
"1971","France","Aug","FRA","18.7982","71.01"
"1971","France","Sep","FRA","15.6107","45.7501"
"1971","France","Oct","FRA","11.9946","26.5261"
"1971","France","Nov","FRA","5.29692","93.062"
"1971","France","Dec","FRA","4.23354","43.6041"
"1972","France","Jan","FRA","3.09399","83.2186"
"1972","France","Feb","FRA","5.55664","101.623"
"1972","France","Mar","FRA","7.8358","56.6071"
"1972","France","Apr","FRA","8.76452","65.8746"
"1972","France","May","FRA","11.7511","69.5511"
"1972","France","Jun","FRA","14.2232","80.9087"
"1972","France","Jul","FRA","18.1033","53.8836"
"1972","France","Aug","FRA","17.049","76.358"
"1972","France","Sep","FRA","13.1423","53.8397"
"1972","France","Oct","FRA","10.6763","57.6762"
"1972","France","Nov","FRA","7.19601","92.645"
"1972","France","Dec","FRA","3.98038","56.2966"
"1973","France","Jan","FRA","2.53418","52.8094"
"1973","France","Feb","FRA","3.1191","56.1266"
"1973","France","Mar","FRA","5.78502","16.8811"
"1973","France","Apr","FRA","7.55919","48.2985"
"1973","France","May","FRA","13.6061","80.7158"
"1973","France","Jun","FRA","17.0369","63.9235"
"1973","France","Jul","FRA","18.2096","77.4754"
"1973","France","Aug","FRA","20.0737","44.4924"
"1973","France","Sep","FRA","16.7344","73.773"
"1973","France","Oct","FRA","10.2989","65.5037"
"1973","France","Nov","FRA","6.4855","46.7834"
"1973","France","Dec","FRA","3.43409","80.5913"
"1974","France","Jan","FRA","5.99759","64.3698"
"1974","France","Feb","FRA","5.31188","87.2824"
"1974","France","Mar","FRA","7.28782","79.3815"
"1974","France","Apr","FRA","9.27503","52.5347"
"1974","France","May","FRA","12.3261","64.384"
"1974","France","Jun","FRA","15.8671","67.0582"
"1974","France","Jul","FRA","17.7266","43.4812"
"1974","France","Aug","FRA","18.5834","66.9115"
"1974","France","Sep","FRA","14.4616","116.841"
"1974","France","Oct","FRA","7.75749","106.76"
"1974","France","Nov","FRA","7.37247","94.208"
"1974","France","Dec","FRA","6.56819","45.1696"
"1975","France","Jan","FRA","6.05491","77.6143"
"1975","France","Feb","FRA","5.25968","27.7846"
"1975","France","Mar","FRA","5.19528","88.8635"
"1975","France","Apr","FRA","8.91472","51.3448"
"1975","France","May","FRA","12.0143","90.9245"
"1975","France","Jun","FRA","15.8123","51.4368"
"1975","France","Jul","FRA","19.1394","40.4743"
"1975","France","Aug","FRA","19.8261","78.4175"
"1975","France","Sep","FRA","16.0234","119.246"
"1975","France","Oct","FRA","10.1582","35.6449"
"1975","France","Nov","FRA","6.50569","107.674"
"1975","France","Dec","FRA","2.4126","45.8753"
"1976","France","Jan","FRA","3.77225","32.7195"
"1976","France","Feb","FRA","4.57028","54.5952"
"1976","France","Mar","FRA","5.80439","34.8488"
"1976","France","Apr","FRA","8.88651","43.7636"
"1976","France","May","FRA","14.0042","38.9801"
"1976","France","Jun","FRA","19.6062","11.1009"
"1976","France","Jul","FRA","20.2756","62.7847"
"1976","France","Aug","FRA","18.9309","56.4211"
"1976","France","Sep","FRA","14.6672","104.726"
"1976","France","Oct","FRA","11.6617","124.346"
"1976","France","Nov","FRA","6.27845","99.0987"
"1976","France","Dec","FRA","3.04703","83.9374"
"1977","France","Jan","FRA","3.58314","93.3592"
"1977","France","Feb","FRA","6.65479","106.75"
"1977","France","Mar","FRA","8.23403","71.5092"
"1977","France","Apr","FRA","8.23455","63.3008"
"1977","France","May","FRA","11.9663","122.534"
"1977","France","Jun","FRA","14.8406","98.4455"
"1977","France","Jul","FRA","17.6261","104.563"
"1977","France","Aug","FRA","16.8341","89.5455"
"1977","France","Sep","FRA","14.6198","15.7224"
"1977","France","Oct","FRA","12.9196","88.6477"
"1977","France","Nov","FRA","6.87684","78.9407"
"1977","France","Dec","FRA","5.03044","78.0204"
"1978","France","Jan","FRA","2.99958","105.996"
"1978","France","Feb","FRA","3.85741","91.0703"
"1978","France","Mar","FRA","7.21369","105.513"
"1978","France","Apr","FRA","7.72675","77.0869"
"1978","France","May","FRA","12.145","81.5523"
"1978","France","Jun","FRA","15.0395","66.7517"
"1978","France","Jul","FRA","17.215","57.6502"
"1978","France","Aug","FRA","17.1122","41.6373"
"1978","France","Sep","FRA","15.5306","36.5835"
"1978","France","Oct","FRA","11.3952","18.9399"
"1978","France","Nov","FRA","6.05454","15.5946"
"1978","France","Dec","FRA","5.0802","121.825"
"1979","France","Jan","FRA","1.3538","98.0128"
"1979","France","Feb","FRA","3.92152","93.5002"
"1979","France","Mar","FRA","6.64802","116.132"
"1979","France","Apr","FRA","8.14483","73.1114"
"1979","France","May","FRA","12.3259","85.7219"
"1979","France","Jun","FRA","16.4554","56.4388"
"1979","France","Jul","FRA","18.5929","31.4965"
"1979","France","Aug","FRA","17.0235","71.6533"
"1979","France","Sep","FRA","15.563","37.471"
"1979","France","Oct","FRA","12.3665","138.726"
"1979","France","Nov","FRA","6.28423","66.0315"
"1979","France","Dec","FRA","5.43971","117.663"
"1980","France","Jan","FRA","1.97045","70.4335"
"1980","France","Feb","FRA","6.14399","57.0003"
"1980","France","Mar","FRA","6.05077","92.1928"
"1980","France","Apr","FRA","8.33653","31.2829"
"1980","France","May","FRA","11.7666","86.6682"
"1980","France","Jun","FRA","14.8437","84.2666"
"1980","France","Jul","FRA","16.3638","81.3219"
"1980","France","Aug","FRA","18.7452","56.1609"
"1980","France","Sep","FRA","16.5603","49.3691"
"1980","France","Oct","FRA","10.5757","94.6103"
"1980","France","Nov","FRA","5.35365","68.4283"
"1980","France","Dec","FRA","2.55439","65.9348"
"1981","France","Jan","FRA","2.99642","76.3021"
"1981","France","Feb","FRA","2.42957","44.8524"
"1981","France","Mar","FRA","9.07722","90.9581"
"1981","France","Apr","FRA","10.0131","42.5277"
"1981","France","May","FRA","12.471","116.411"
"1981","France","Jun","FRA","15.9363","81.8204"
"1981","France","Jul","FRA","17.4276","70.1016"
"1981","France","Aug","FRA","18.84","36.0567"
"1981","France","Sep","FRA","16.2622","93.2977"
"1981","France","Oct","FRA","11.2823","120.433"
"1981","France","Nov","FRA","6.79356","32.1889"
"1981","France","Dec","FRA","4.04871","154.909"
"1982","France","Jan","FRA","4.62609","80.9438"
"1982","France","Feb","FRA","4.86889","40.8014"
"1982","France","Mar","FRA","6.24737","68.3422"
"1982","France","Apr","FRA","9.29442","21.3089"
"1982","France","May","FRA","13.3789","57.0535"
"1982","France","Jun","FRA","17.5786","87.3749"
"1982","France","Jul","FRA","20.2701","68.8471"
"1982","France","Aug","FRA","17.9456","67.2853"
"1982","France","Sep","FRA","17.496","70.9282"
"1982","France","Oct","FRA","11.324","128.839"
"1982","France","Nov","FRA","8.26727","102.045"
"1982","France","Dec","FRA","4.78871","116.671"
"1983","France","Jan","FRA","5.03271","41.8746"
"1983","France","Feb","FRA","2.25382","71.0555"
"1983","France","Mar","FRA","6.85003","58.3233"
"1983","France","Apr","FRA","8.96044","127.032"
"1983","France","May","FRA","11.4405","122.454"
"1983","France","Jun","FRA","17.2127","56.6871"
"1983","France","Jul","FRA","22.1943","40.4284"
"1983","France","Aug","FRA","19.3882","80.4926"
"1983","France","Sep","FRA","16.3189","60.1054"
"1983","France","Oct","FRA","11.7508","56.7666"
"1983","France","Nov","FRA","7.37172","49.1858"
"1983","France","Dec","FRA","4.10306","61.6365"
"1984","France","Jan","FRA","4.02851","115.278"
"1984","France","Feb","FRA","3.3009","58.7107"
"1984","France","Mar","FRA","5.11954","63.1204"
"1984","France","Apr","FRA","9.44813","20.9813"
"1984","France","May","FRA","10.2567","131.024"
"1984","France","Jun","FRA","15.8178","52.8076"
"1984","France","Jul","FRA","18.9276","32.1042"
"1984","France","Aug","FRA","18.3991","63.7497"
"1984","France","Sep","FRA","14.6144","104.714"
"1984","France","Oct","FRA","11.7746","88.5059"
"1984","France","Nov","FRA","8.9852","115.217"
"1984","France","Dec","FRA","4.19488","65.787"
"1985","France","Jan","FRA","-1.4221","58.7584"
"1985","France","Feb","FRA","3.64408","46.2021"
"1985","France","Mar","FRA","5.02748","79.6759"
"1985","France","Apr","FRA","9.84693","66.0976"
"1985","France","May","FRA","12.407","116.726"
"1985","France","Jun","FRA","15.2585","73.9632"
"1985","France","Jul","FRA","19.4874","47.613"
"1985","France","Aug","FRA","17.5872","52.0987"
"1985","France","Sep","FRA","17.3378","17.1957"
"1985","France","Oct","FRA","12.221","27.1027"
"1985","France","Nov","FRA","4.05942","62.7494"
"1985","France","Dec","FRA","5.14875","65.119"
"1986","France","Jan","FRA","3.73386","116.521"
"1986","France","Feb","FRA","-0.6148","57.9155"
"1986","France","Mar","FRA","5.85573","70.7251"
"1986","France","Apr","FRA","6.75792","119.195"
"1986","France","May","FRA","13.8125","68.9135"
"1986","France","Jun","FRA","17.0346","43.9378"
"1986","France","Jul","FRA","18.8651","32.7462"
"1986","France","Aug","FRA","17.7649","66.7397"
"1986","France","Sep","FRA","15.0486","79.7306"
"1986","France","Oct","FRA","13.1352","75.3607"
"1986","France","Nov","FRA","7.6654","57.0012"
"1986","France","Dec","FRA","4.75907","81.2745"
"1987","France","Jan","FRA","-1.2751","45.8177"
"1987","France","Feb","FRA","3.55235","64.2862"
"1987","France","Mar","FRA","4.73045","58.4978"
"1987","France","Apr","FRA","10.8966","53.3855"
"1987","France","May","FRA","11.2862","67.5225"
"1987","France","Jun","FRA","15.0314","104.93"
"1987","France","Jul","FRA","18.6265","97.2814"
"1987","France","Aug","FRA","18.6577","63.3667"
"1987","France","Sep","FRA","17.827","57.3423"
"1987","France","Oct","FRA","12.491","145.226"
"1987","France","Nov","FRA","6.89917","76.5531"
"1987","France","Dec","FRA","4.94039","58.6614"
"1988","France","Jan","FRA","6.32882","134.667"
"1988","France","Feb","FRA","4.66196","77.2053"
"1988","France","Mar","FRA","6.43592","99.6955"
"1988","France","Apr","FRA","10.1256","70.9405"
"1988","France","May","FRA","13.8507","115.714"
"1988","France","Jun","FRA","16.1628","65.896"
"1988","France","Jul","FRA","17.8222","73.4452"
"1988","France","Aug","FRA","18.8138","40.4483"
"1988","France","Sep","FRA","15.575","56.7342"
"1988","France","Oct","FRA","12.8449","95.3963"
"1988","France","Nov","FRA","6.01017","40.4364"
"1988","France","Dec","FRA","5.56699","50.7491"
"1989","France","Jan","FRA","3.80807","26.2198"
"1989","France","Feb","FRA","5.29458","63.6967"
"1989","France","Mar","FRA","9.21935","54.287"
"1989","France","Apr","FRA","8.14972","133.568"
"1989","France","May","FRA","15.6158","31.1279"
"1989","France","Jun","FRA","16.9748","36.6623"
"1989","France","Jul","FRA","20.3147","48.2101"
"1989","France","Aug","FRA","19.5778","44.4376"
"1989","France","Sep","FRA","16.3774","43.1093"
"1989","France","Oct","FRA","13.0111","42.7427"
"1989","France","Nov","FRA","6.74878","64.5501"
"1989","France","Dec","FRA","5.59757","76.9057"
"1990","France","Jan","FRA","4.33983","54.3633"
"1990","France","Feb","FRA","8.6543","100.38"
"1990","France","Mar","FRA","8.57963","15.8901"
"1990","France","Apr","FRA","8.81489","72.2093"
"1990","France","May","FRA","15.4288","54.1551"
"1990","France","Jun","FRA","16.0318","78.9854"
"1990","France","Jul","FRA","19.7394","32.5378"
"1990","France","Aug","FRA","20.6477","42.4062"
"1990","France","Sep","FRA","15.8588","44.9772"
"1990","France","Oct","FRA","13.3429","117.421"
"1990","France","Nov","FRA","7.09193","76.1265"
"1990","France","Dec","FRA","2.65788","75.0977"
"1991","France","Jan","FRA","3.55893","55.856"
"1991","France","Feb","FRA","1.80521","37.6039"
"1991","France","Mar","FRA","9.06057","76.209"
"1991","France","Apr","FRA","8.66942","50.321"
"1991","France","May","FRA","11.5755","36.3691"
"1991","France","Jun","FRA","14.9801","69.6719"
"1991","France","Jul","FRA","19.8638","56.495"
"1991","France","Aug","FRA","20.9565","25.3255"
"1991","France","Sep","FRA","17.9976","97.2219"
"1991","France","Oct","FRA","10.6867","77.1235"
"1991","France","Nov","FRA","6.65364","92.0291"
"1991","France","Dec","FRA","3.24705","35.3224"
"1992","France","Jan","FRA","2.29906","28.5376"
"1992","France","Feb","FRA","4.55385","34.0157"
"1992","France","Mar","FRA","7.54494","59.3621"
"1992","France","Apr","FRA","9.51007","55.2602"
"1992","France","May","FRA","15.2742","64.2209"
"1992","France","Jun","FRA","15.9715","109.801"
"1992","France","Jul","FRA","19.2905","67.431"
"1992","France","Aug","FRA","20.1121","89.5658"
"1992","France","Sep","FRA","15.4827","69.1763"
"1992","France","Oct","FRA","9.59145","123.215"
"1992","France","Nov","FRA","8.77039","103.178"
"1992","France","Dec","FRA","4.86715","70.8559"
"1993","France","Jan","FRA","5.4836","42.6855"
"1993","France","Feb","FRA","3.13798","17.3965"
"1993","France","Mar","FRA","6.82836","20.345"
"1993","France","Apr","FRA","10.4283","104.995"
"1993","France","May","FRA","14.078","77.9192"
"1993","France","Jun","FRA","17.3333","86.6152"
"1993","France","Jul","FRA","17.7762","63.3686"
"1993","France","Aug","FRA","18.7399","41.641"
"1993","France","Sep","FRA","14.5764","157.384"
"1993","France","Oct","FRA","10.2956","119.675"
"1993","France","Nov","FRA","4.48424","44.7586"
"1993","France","Dec","FRA","6.09939","114.768"
"1994","France","Jan","FRA","4.97169","105.368"
"1994","France","Feb","FRA","4.96252","85.8265"
"1994","France","Mar","FRA","9.43613","34.522"
"1994","France","Apr","FRA","8.59415","88.54"
"1994","France","May","FRA","13.6962","92.7677"
"1994","France","Jun","FRA","17.1635","61.2597"
"1994","France","Jul","FRA","21.5293","51.1653"
"1994","France","Aug","FRA","20.0522","58.1945"
"1994","France","Sep","FRA","14.925","148.012"
"1994","France","Oct","FRA","11.9551","81.5849"
"1994","France","Nov","FRA","10.1518","74.8861"
"1994","France","Dec","FRA","6.2915","73.4066"
"1995","France","Jan","FRA","4.20402","119.087"
"1995","France","Feb","FRA","7.36125","91.8989"
"1995","France","Mar","FRA","6.3158","71.8115"
"1995","France","Apr","FRA","9.76773","65.1319"
"1995","France","May","FRA","13.6357","83.6108"
"1995","France","Jun","FRA","16.1103","28.9311"
"1995","France","Jul","FRA","21.3041","55.1727"
"1995","France","Aug","FRA","20.2393","48.525"
"1995","France","Sep","FRA","14.3578","107.371"
"1995","France","Oct","FRA","14.66","43.0465"
"1995","France","Nov","FRA","7.26124","59.4605"
"1995","France","Dec","FRA","3.82216","99.9073"
"1996","France","Jan","FRA","4.9136","81.9973"
"1996","France","Feb","FRA","2.83498","72.8591"
"1996","France","Mar","FRA","6.00496","37.0307"
"1996","France","Apr","FRA","10.1644","40.6357"
"1996","France","May","FRA","12.2964","83.6875"
"1996","France","Jun","FRA","17.7138","39.1187"
"1996","France","Jul","FRA","18.7712","62.2532"
"1996","France","Aug","FRA","18.3642","80.299"
"1996","France","Sep","FRA","14.1342","55.4159"
"1996","France","Oct","FRA","11.869","55.2818"
"1996","France","Nov","FRA","6.77186","158.744"
"1996","France","Dec","FRA","3.28313","81.138"
"1997","France","Jan","FRA","1.9368","56.6295"
"1997","France","Feb","FRA","6.91015","62.0508"
"1997","France","Mar","FRA","9.40785","11.7778"
"1997","France","Apr","FRA","10.1144","25.7382"
"1997","France","May","FRA","14.2853","87.4732"
"1997","France","Jun","FRA","16.3099","126.183"
"1997","France","Jul","FRA","18.5886","54.5362"
"1997","France","Aug","FRA","21.4124","77.3294"
"1997","France","Sep","FRA","17.251","23.173"
"1997","France","Oct","FRA","12.3741","55.1717"
"1997","France","Nov","FRA","8.2487","113.912"
"1997","France","Dec","FRA","5.35187","99.0871"
"1998","France","Jan","FRA","4.86991","82.9989"
"1998","France","Feb","FRA","5.90377","18.1291"
"1998","France","Mar","FRA","8.16341","33.9601"
"1998","France","Apr","FRA","9.02511","144.53"
"1998","France","May","FRA","15.0778","49.7803"
"1998","France","Jun","FRA","17.2279","55.4818"
"1998","France","Jul","FRA","18.7817","44.1814"
"1998","France","Aug","FRA","19.7851","35.2551"
"1998","France","Sep","FRA","16.0487","117.924"
"1998","France","Oct","FRA","11.696","108.646"
"1998","France","Nov","FRA","4.86582","55.955"
"1998","France","Dec","FRA","4.30678","65.399"
"1999","France","Jan","FRA","5.18906","84.9245"
"1999","France","Feb","FRA","4.05425","62.339"
"1999","France","Mar","FRA","8.12107","63.089"
"1999","France","Apr","FRA","10.1828","85.2084"
"1999","France","May","FRA","15.436","81.9647"
"1999","France","Jun","FRA","16.5449","58.9442"
"1999","France","Jul","FRA","20.3432","56.6183"
"1999","France","Aug","FRA","19.67","73.5501"
"1999","France","Sep","FRA","18.1023","122.186"
"1999","France","Oct","FRA","12.2885","90.1811"
"1999","France","Nov","FRA","5.92944","76.3416"
"1999","France","Dec","FRA","4.78268","132.722"
"2000","France","Jan","FRA","3.45704","23.8885"
"2000","France","Feb","FRA","6.57088","68.289"
"2000","France","Mar","FRA","7.70133","45.7922"
"2000","France","Apr","FRA","10.0482","100.744"
"2000","France","May","FRA","15.2074","79.4951"
"2000","France","Jun","FRA","17.9375","56.6932"
"2000","France","Jul","FRA","17.5272","102.381"
"2000","France","Aug","FRA","19.9285","54.0106"
"2000","France","Sep","FRA","16.9863","68.405"
"2000","France","Oct","FRA","12.2341","129.85"
"2000","France","Nov","FRA","8.10229","140.279"
"2000","France","Dec","FRA","6.96208","86.4602"
"2001","France","Jan","FRA","5.09476","102.37"
"2001","France","Feb","FRA","5.38091","45.4411"
"2001","France","Mar","FRA","8.83498","138.153"
"2001","France","Apr","FRA","8.78069","93.2941"
"2001","France","May","FRA","15.001","60.567"
"2001","France","Jun","FRA","16.8908","47.1829"
"2001","France","Jul","FRA","19.3916","100.933"
"2001","France","Aug","FRA","20.1206","57.9225"
"2001","France","Sep","FRA","14.199","74.7067"
"2001","France","Oct","FRA","14.9239","85.5609"
"2001","France","Nov","FRA","5.95256","54.4008"
"2001","France","Dec","FRA","2.43543","37.3755"
"2002","France","Jan","FRA","4.44809","38.8329"
"2002","France","Feb","FRA","7.23602","84.8897"
"2002","France","Mar","FRA","8.63465","50.2182"
"2002","France","Apr","FRA","10.4656","37.417"
"2002","France","May","FRA","13.1325","106.939"
"2002","France","Jun","FRA","18.1052","64.9043"
"2002","France","Jul","FRA","18.5446","72.0217"
"2002","France","Aug","FRA","18.5881","92.5564"
"2002","France","Sep","FRA","15.5106","62.2645"
"2002","France","Oct","FRA","12.3023","93.6351"
"2002","France","Nov","FRA","8.98942","145.107"
"2002","France","Dec","FRA","6.44734","91.0155"
"2003","France","Jan","FRA","2.7138","77.0904"
"2003","France","Feb","FRA","3.09489","41.5359"
"2003","France","Mar","FRA","9.14363","28.5818"
"2003","France","Apr","FRA","10.9943","49.968"
"2003","France","May","FRA","14.5546","61.4901"
"2003","France","Jun","FRA","19.6","46.8612"
"2003","France","Jul","FRA","20.9261","48.3668"
"2003","France","Aug","FRA","21.3978","41.0958"
"2003","France","Sep","FRA","16.6883","51.6961"
"2003","France","Oct","FRA","10.2941","105.836"
"2003","France","Nov","FRA","8.5264","83.2599"
"2003","France","Dec","FRA","4.85129","81.7469"
"2004","France","Jan","FRA","4.3428","119.796"
"2004","France","Feb","FRA","4.71047","36.1976"
"2004","France","Mar","FRA","6.44371","48.167"
"2004","France","Apr","FRA","9.99282","69.7175"
"2004","France","May","FRA","13.1694","54.3706"
"2004","France","Jun","FRA","18.0087","30.0823"
"2004","France","Jul","FRA","18.9351","56.3269"
"2004","France","Aug","FRA","19.7021","109.928"
"2004","France","Sep","FRA","17.2087","30.6159"
"2004","France","Oct","FRA","13.2821","124.534"
"2004","France","Nov","FRA","6.92157","44.2436"
"2004","France","Dec","FRA","3.88708","63.8482"
"2005","France","Jan","FRA","4.08257","41.4968"
"2005","France","Feb","FRA","2.27752","36.7973"
"2005","France","Mar","FRA","7.09584","40.0597"
"2005","France","Apr","FRA","10.3721","90.8379"
"2005","France","May","FRA","14.2587","62.5767"
"2005","France","Jun","FRA","19.2601","43.9428"
"2005","France","Jul","FRA","19.9764","52.5571"
"2005","France","Aug","FRA","18.6422","42.794"
"2005","France","Sep","FRA","17.0157","60.7114"
"2005","France","Oct","FRA","14.3435","73.4677"
"2005","France","Nov","FRA","6.31558","69.8714"
"2005","France","Dec","FRA","2.56924","58.8872"
"2006","France","Jan","FRA","2.4149","49.996"
"2006","France","Feb","FRA","2.98768","54.6431"
"2006","France","Mar","FRA","6.43463","107.285"
"2006","France","Apr","FRA","10.3025","45.0111"
"2006","France","May","FRA","14.2008","79.3294"
"2006","France","Jun","FRA","18.7075","33.91"
"2006","France","Jul","FRA","22.69","58.8252"
"2006","France","Aug","FRA","17.5396","85.4838"
"2006","France","Sep","FRA","18.5532","88.2271"
"2006","France","Oct","FRA","14.8685","81.8893"
"2006","France","Nov","FRA","9.39613","67.3187"
"2006","France","Dec","FRA","4.89067","68.5356"
"2007","France","Jan","FRA","6.41902","55.2612"
"2007","France","Feb","FRA","7.2453","84.3801"
"2007","France","Mar","FRA","7.6312","71.6069"
"2007","France","Apr","FRA","12.7511","34.1579"
"2007","France","May","FRA","14.6539","121.299"
"2007","France","Jun","FRA","17.5697","98.0597"
"2007","France","Jul","FRA","18.2137","81.9787"
"2007","France","Aug","FRA","18.1477","90.0395"
"2007","France","Sep","FRA","15.2448","43.2951"
"2007","France","Oct","FRA","11.5923","38.2204"
"2007","France","Nov","FRA","6.35227","57.4731"
"2007","France","Dec","FRA","3.89842","60.8331"
"2008","France","Jan","FRA","5.90761","80.6551"
"2008","France","Feb","FRA","6.378","36.4331"
"2008","France","Mar","FRA","6.86629","82.8672"
"2008","France","Apr","FRA","9.43229","92.1459"
"2008","France","May","FRA","14.8813","105.785"
"2008","France","Jun","FRA","17.2776","63.9193"
"2008","France","Jul","FRA","19.1913","66.3293"
"2008","France","Aug","FRA","19.0456","75.8361"
"2008","France","Sep","FRA","14.9928","71.5124"
"2008","France","Oct","FRA","11.4769","96.3819"
"2008","France","Nov","FRA","7.23921","87.9717"
"2008","France","Dec","FRA","3.35701","73.7373"
"2009","France","Jan","FRA","1.73942","71.5613"
"2009","France","Feb","FRA","3.85008","53.9887"
"2009","France","Mar","FRA","7.09315","44.6546"
"2009","France","Apr","FRA","10.9772","84.8981"
"2009","France","May","FRA","15.0941","56.2537"
"2009","France","Jun","FRA","17.6183","75.7315"
"2009","France","Jul","FRA","19.5057","60.0363"
"2009","France","Aug","FRA","20.6971","36.2606"
"2009","France","Sep","FRA","16.9597","47.6264"
"2009","France","Oct","FRA","12.6614","53.806"
"2009","France","Nov","FRA","9.67666","109.689"
"2009","France","Dec","FRA","4.47373","103.608"
"2010","France","Jan","FRA","1.0626","60.0113"
"2010","France","Feb","FRA","3.54377","73.9496"
"2010","France","Mar","FRA","6.58919","63.2978"
"2010","France","Apr","FRA","11.0309","30.7474"
"2010","France","May","FRA","12.467","78.0232"
"2010","France","Jun","FRA","17.5249","83.6204"
"2010","France","Jul","FRA","20.9197","45.0797"
"2010","France","Aug","FRA","18.7677","65.7436"
"2010","France","Sep","FRA","15.531","68.2517"
"2010","France","Oct","FRA","11.4745","77.3454"
"2010","France","Nov","FRA","7.01214","102.21"
"2010","France","Dec","FRA","1.57946","85.5314"
"2011","France","Jan","FRA","3.83745","49.848"
"2011","France","Feb","FRA","5.53264","41.3523"
"2011","France","Mar","FRA","8.25155","49.717"
"2011","France","Apr","FRA","13.1114","20.5333"
"2011","France","May","FRA","15.7893","34.4148"
"2011","France","Jun","FRA","17.2123","70.4635"
"2011","France","Jul","FRA","17.6665","93.6293"
"2011","France","Aug","FRA","19.441","75.4671"
"2011","France","Sep","FRA","17.949","44.9747"
"2011","France","Oct","FRA","13.0144","49.2172"
"2011","France","Nov","FRA","9.46741","63.5508"
"2011","France","Dec","FRA","6.60594","124.24"
"2012","France","Jan","FRA","5.14496","53.477"
"2012","France","Feb","FRA","0.87966","10.6334"
"2012","France","Mar","FRA","9.54912","26.4511"
"2012","France","Apr","FRA","9.22995","116.997"
"2012","France","May","FRA","14.6983","80.209"
"2012","France","Jun","FRA","17.4163","85.6464"
"2012","France","Jul","FRA","18.6308","66.9175"
"2012","France","Aug","FRA","20.68","43.6431"
"2012","France","Sep","FRA","16.2084","64.9893"
"2012","France","Oct","FRA","12.676","119.235"
"2012","France","Nov","FRA","7.88159","84.3606"
"2012","France","Dec","FRA","5.50313","111.859"
"2013","France","Jan","FRA","3.49116","75.5269"
"2013","France","Feb","FRA","2.48026","59.2424"
"2013","France","Mar","FRA","5.57218","83.2043"
"2013","France","Apr","FRA","9.72794","81.5973"
"2013","France","May","FRA","11.4035","118.117"
"2013","France","Jun","FRA","16.2748","62.6676"
"2013","France","Jul","FRA","21.5357","67.9771"
"2013","France","Aug","FRA","19.7357","44.2524"
"2013","France","Sep","FRA","16.7356","69.6693"
"2013","France","Oct","FRA","14.0516","96.9653"
"2013","France","Nov","FRA","6.93824","108.247"
"2013","France","Dec","FRA","5.07302","72.8908"
"2014","France","Jan","FRA","6.32828","108.802"
"2014","France","Feb","FRA","6.5736","99.0963"
"2014","France","Mar","FRA","8.77471","36.0784"
"2014","France","Apr","FRA","11.9171","49.1349"
"2014","France","May","FRA","13.3837","74.7569"
"2014","France","Jun","FRA","18.4276","56.2304"
"2014","France","Jul","FRA","19.3381","110.278"
"2014","France","Aug","FRA","17.8256","89.2108"
"2014","France","Sep","FRA","17.7705","44.3141"
"2014","France","Oct","FRA","14.6035","74.1295"
"2014","France","Nov","FRA","9.862","122.586"
"2014","France","Dec","FRA","5.20424","56.676"
"2015","France","Jan","FRA","4.36533","78.1193"
"2015","France","Feb","FRA","3.63678","64.1797"
"2015","France","Mar","FRA","7.88041","52.6017"
"2015","France","Apr","FRA","11.3914","57.0098"
"2015","France","May","FRA","14.2367","51.2777"
"2015","France","Jun","FRA","18.6567","59.6698"
"2015","France","Jul","FRA","21.4184","30.2518"
"2015","France","Aug","FRA","20.2501","90.988"
"2015","France","Sep","FRA","15.1875","78.3018"
"2015","France","Oct","FRA","11.4637","55.8297"
"2015","France","Nov","FRA","9.73877","59.0931"
"2015","France","Dec","FRA","7.74643","24.0576"
"2016","France","Jan","FRA","5.62777","105.525"
"2016","France","Feb","FRA","5.96637","93.3024"
"2016","France","Mar","FRA","6.67308","73.1815"
"2016","France","Apr","FRA","9.61717","74.5945"
"2016","France","May","FRA","13.5965","106.787"
"2016","France","Jun","FRA","17.0341","86.6589"
"2016","France","Jul","FRA","19.9903","34.7662"
"2016","France","Aug","FRA","20.3078","24.9382"
"2016","France","Sep","FRA","18.4832","39.8369"
"2016","France","Oct","FRA","11.4876","61.658"
"2016","France","Nov","FRA","7.808","95.7876"
"2016","France","Dec","FRA","4.5887","18.733"
